-- Adminer 5.3.0 MySQL 8.4.5 dump

SET NAMES utf8;
SET time_zone = '+00:00';
SET foreign_key_checks = 0;
SET sql_mode = 'NO_AUTO_VALUE_ON_ZERO';

SET NAMES utf8mb4;

CREATE DATABASE `db_hackerrank` /*!40100 DEFAULT CHARACTER SET utf8mb4 COLLATE utf8mb4_0900_ai_ci */ /*!80016 DEFAULT ENCRYPTION='N' */;
USE `db_hackerrank`;

-- Access denied for user &#039;aluno&#039;@&#039;%&#039; to database &#039;db_hackerrank&#039;
DROP TABLE IF EXISTS `BST`;
CREATE TABLE `BST` (
  `N` int NOT NULL,
  `P` int DEFAULT NULL
) ENGINE=InnoDB DEFAULT CHARSET=latin1;

INSERT INTO `BST` (`N`, `P`) VALUES
(1,	2),
(3,	2),
(5,	6),
(7,	6),
(2,	4),
(6,	4),
(4,	15),
(8,	9),
(10,	9),
(12,	13),
(14,	13),
(9,	11),
(13,	11),
(11,	15),
(15,	NULL);

DROP TABLE IF EXISTS `CITY`;
CREATE TABLE `CITY` (
  `ID` int NOT NULL,
  `NAME` varchar(17) NOT NULL,
  `COUNTRYCODE` varchar(3) NOT NULL,
  `DISTRICT` varchar(20) NOT NULL,
  `POPULATION` int NOT NULL
) ENGINE=InnoDB DEFAULT CHARSET=latin1;

INSERT INTO `CITY` (`ID`, `NAME`, `COUNTRYCODE`, `DISTRICT`, `POPULATION`) VALUES
(4,	'Mazar-e-Sharif',	'AFG',	'Balkh',	127800),
(6,	'Rotterdam',	'NLD',	'Zuid-Holland',	593321),
(11,	'Groningen',	'NLD',	'Groningen',	172701),
(19,	'Zaanstad',	'NLD',	'Noord-Holland',	135621),
(80,	'Merlo',	'ARG',	'Buenos Aires',	463846),
(89,	'San Isidro',	'ARG',	'Buenos Aires',	306341),
(91,	'Malvinas',	'ARG',	'Buenos Aires',	290335),
(124,	'San Rafael',	'ARG',	'Mendoza',	94651),
(128,	'Vanadzor',	'ARM',	'Lori',	172700),
(141,	'Geelong',	'AUS',	'Victoria',	125382),
(142,	'Townsville',	'AUS',	'Queensland',	109914),
(143,	'Cairns',	'AUS',	'Queensland',	92273),
(146,	'Sumqayit',	'AZE',	'Sumqayit',	283000),
(150,	'Dhaka',	'BGD',	'Dhaka',	3612850),
(151,	'Chittagong',	'BGD',	'Chittagong',	1392860),
(162,	'Dinajpur',	'BGD',	'Rajshahi',	127815),
(166,	'Tangail',	'BGD',	'Dhaka',	106004),
(168,	'Pabna',	'BGD',	'Rajshahi',	103277),
(214,	'Porto Alegre',	'BRA',	'Rio Grande do Sul',	1314032),
(304,	'Petrolina',	'BRA',	'Pernambuco',	210540),
(321,	'Rio Grande',	'BRA',	'Rio Grande do Sul',	182222),
(379,	'Palmas',	'BRA',	'Tocantins',	121919),
(397,	'Lauro de Freitas',	'BRA',	'Bahia',	109236),
(431,	'Angra dos Reis',	'BRA',	'Rio de Janeiro',	96864),
(473,	'Stoke-on-Trent',	'GBR',	'England',	252000),
(478,	'Aberdeen',	'GBR',	'Scotland',	213070),
(479,	'Northampton',	'GBR',	'England',	196000),
(484,	'Luton',	'GBR',	'England',	183000),
(510,	'Slough',	'GBR',	'England',	112000),
(521,	'Colchester',	'GBR',	'England',	96063),
(526,	'Birkenhead',	'GBR',	'England',	93087),
(532,	'Maidstone',	'GBR',	'England',	90878),
(540,	'Plovdiv',	'BGR',	'Plovdiv',	342584),
(547,	'Dobric',	'BGR',	'Varna',	100399),
(552,	'Bujumbura',	'BDI',	'Bujumbura',	300000),
(554,	'Santiago de Chile',	'CHL',	'Santiago',	4703954),
(575,	'Punta Arenas',	'CHL',	'Magallanes',	125631),
(626,	'al-Minya',	'EGY',	'al-Minya',	201360),
(628,	'Qina',	'EGY',	'Qina',	171275),
(633,	'Warraq al-Arab',	'EGY',	'Giza',	127108),
(646,	'Santa Ana',	'SLV',	'Santa Ana',	139389),
(657,	'Zaragoza',	'ESP',	'Aragonia',	603367),
(665,	'Vigo',	'ESP',	'Galicia',	283670),
(673,	'Badalona',	'ESP',	'Katalonia',	209635),
(686,	'Terrassa',	'ESP',	'Katalonia',	168695),
(720,	'Kempton Park',	'ZAF',	'Gauteng',	442633),
(721,	'Alberton',	'ZAF',	'Gauteng',	410102),
(732,	'Klerksdorp',	'ZAF',	'North West',	261911),
(738,	'Uitenhage',	'ZAF',	'Eastern Cape',	192120),
(743,	'Brakpan',	'ZAF',	'Gauteng',	171363),
(784,	'Iloilo',	'PHL',	'Western Visayas',	365820),
(762,	'Bahir Dar',	'ETH',	'Amhara',	96140),
(789,	'Iligan',	'PHL',	'Central Mindanao',	285061),
(796,	'Baguio',	'PHL',	'CAR',	252386),
(805,	'San Pablo',	'PHL',	'Southern Tagalog',	207927),
(811,	'Binangonan',	'PHL',	'Southern Tagalog',	187691),
(820,	'Legazpi',	'PHL',	'Bicol',	157010),
(858,	'Hagonoy',	'PHL',	'Central Luzon',	111425),
(865,	'San Jose',	'PHL',	'Central Luzon',	108254),
(886,	'Bislig',	'PHL',	'Caraga',	97860),
(887,	'Talavera',	'PHL',	'Central Luzon',	97329),
(892,	'Capas',	'PHL',	'Central Luzon',	95219),
(896,	'Malungon',	'PHL',	'Southern Mindanao',	93232),
(902,	'Libreville',	'GAB',	'Estuaire',	419000),
(904,	'Banjul',	'GMB',	'Banjul',	42326),
(906,	'Kutaisi',	'GEO',	'Imereti',	240900),
(909,	'Sohumi',	'GEO',	'Abhasia [Aphazeti]',	111700),
(924,	'Villa Nueva',	'GTM',	'Guatemala',	101295),
(931,	'Delmas',	'HTI',	'Ouest',	240429),
(939,	'Jakarta',	'IDN',	'Jakarta Raya',	9604900),
(941,	'Bandung',	'IDN',	'West Java',	2429000),
(967,	'Ciputat',	'IDN',	'West Java',	270800),
(981,	'Karawang',	'IDN',	'West Java',	145000),
(990,	'Waru',	'IDN',	'East Java',	124300),
(997,	'Cianjur',	'IDN',	'West Java',	114300),
(1002,	'Citeureup',	'IDN',	'West Java',	105100),
(1004,	'Klaten',	'IDN',	'Central Java',	103300),
(1021,	'Sawangan',	'IDN',	'West Java',	91100),
(1032,	'Nagpur',	'IND',	'Maharashtra',	1624752),
(1045,	'Patna',	'IND',	'Bihar',	917243),
(1046,	'Srinagar',	'IND',	'Jammu and Kashmir',	892506),
(1060,	'Hubli-Dharwad',	'IND',	'Karnataka',	648298),
(1063,	'Bareilly',	'IND',	'Uttar Pradesh',	587211),
(1092,	'Bhilai',	'IND',	'Chhatisgarh',	386159),
(1099,	'Jamnagar',	'IND',	'Gujarat',	341637),
(1119,	'Davangere',	'IND',	'Karnataka',	266082),
(1122,	'Bellary',	'IND',	'Karnataka',	245391),
(1126,	'Muzaffarpur',	'IND',	'Bihar',	241107),
(1155,	'Latur',	'IND',	'Maharashtra',	197408),
(1163,	'Bally',	'IND',	'West Bengali',	184474),
(1164,	'Bhilwara',	'IND',	'Rajasthan',	183965),
(1195,	'Arrah (Ara)',	'IND',	'Bihar',	157082),
(1201,	'Cuddalore',	'IND',	'Tamil Nadu',	153086),
(1203,	'Dhanbad',	'IND',	'Jharkhand',	151789),
(1222,	'Tenali',	'IND',	'Andhra Pradesh',	143726),
(1235,	'Tirunelveli',	'IND',	'Tamil Nadu',	135825),
(1256,	'Alandur',	'IND',	'Tamil Nadu',	125244),
(1279,	'Neyveli',	'IND',	'Tamil Nadu',	118080),
(1293,	'Pallavaram',	'IND',	'Tamil Nadu',	111866),
(1350,	'Dehri',	'IND',	'Bihar',	94526),
(1383,	'Tabriz',	'IRN',	'East Azerbaidzan',	1191043),
(1385,	'Karaj',	'IRN',	'Teheran',	940968),
(1508,	'Bolzano',	'ITA',	'Trentino-Alto Adige',	97232),
(1520,	'Cesena',	'ITA',	'Emilia-Romagna',	89852),
(1613,	'Neyagawa',	'JPN',	'Osaka',	257315),
(1630,	'Ageo',	'JPN',	'Saitama',	209442),
(1661,	'Sayama',	'JPN',	'Saitama',	162472),
(1681,	'Omuta',	'JPN',	'Fukuoka',	142889),
(1739,	'Tokuyama',	'JPN',	'Yamaguchi',	107078),
(1793,	'Novi Sad',	'YUG',	'Vojvodina',	179626),
(1857,	'Kelowna',	'CAN',	'British Colombia',	89442),
(1895,	'Harbin',	'CHN',	'Heilongjiang',	4289800),
(1900,	'Changchun',	'CHN',	'Jilin',	2812000),
(1913,	'Lanzhou',	'CHN',	'Gansu',	1565800),
(1947,	'Changzhou',	'CHN',	'Jiangsu',	530000),
(2070,	'Dezhou',	'CHN',	'Shandong',	195485),
(2081,	'Heze',	'CHN',	'Shandong',	189293),
(2111,	'Chenzhou',	'CHN',	'Hunan',	169400),
(2153,	'Xianning',	'CHN',	'Hubei',	136811),
(2192,	'Lhasa',	'CHN',	'Tibet',	120000),
(2193,	'Lianyuan',	'CHN',	'Hunan',	118858),
(2227,	'Xingcheng',	'CHN',	'Liaoning',	102384),
(2273,	'Villavicencio',	'COL',	'Meta',	273140),
(2384,	'Tong-yong',	'KOR',	'Kyongsangnam',	131717),
(2386,	'Yongju',	'KOR',	'Kyongsangbuk',	131097),
(2387,	'Chinhae',	'KOR',	'Kyongsangnam',	125997),
(2388,	'Sangju',	'KOR',	'Kyongsangbuk',	124116),
(2406,	'Herakleion',	'GRC',	'Crete',	116178),
(2440,	'Monrovia',	'LBR',	'Montserrado',	850000),
(2462,	'Lilongwe',	'MWI',	'Lilongwe',	435964),
(2505,	'Taza',	'MAR',	'Taza-Al Hoceima-Taou',	92700),
(2555,	'Xalapa',	'MEX',	'Veracruz',	390058),
(2602,	'Ocosingo',	'MEX',	'Chiapas',	171495),
(2609,	'Nogales',	'MEX',	'Sonora',	159103),
(2670,	'San Pedro Cholula',	'MEX',	'Puebla',	99734),
(2689,	'Palikir',	'FSM',	'Pohnpei',	8600),
(2706,	'Tete',	'MOZ',	'Tete',	101984),
(2716,	'Sittwe (Akyab)',	'MMR',	'Rakhine',	137600),
(2922,	'Carolina',	'PRI',	'Carolina',	186076),
(2967,	'Grudziadz',	'POL',	'Kujawsko-Pomorskie',	102434),
(2972,	'Malabo',	'GNQ',	'Bioko',	40000),
(3073,	'Essen',	'DEU',	'Nordrhein-Westfalen',	599515),
(3169,	'Apia',	'WSM',	'Upolu',	35900),
(3198,	'Dakar',	'SEN',	'Cap-Vert',	785071),
(3253,	'Hama',	'SYR',	'Hama',	343361),
(3288,	'Luchou',	'TWN',	'Taipei',	160516),
(3309,	'Tanga',	'TZA',	'Tanga',	137400),
(3353,	'Sousse',	'TUN',	'Sousse',	145900),
(3377,	'Kahramanmaras',	'TUR',	'Kahramanmaras',	245772),
(3430,	'Odesa',	'UKR',	'Odesa',	1011000),
(3581,	'St Petersburg',	'RUS',	'Pietari',	4694000),
(3770,	'Hanoi',	'VNM',	'Hanoi',	1410000),
(3815,	'El Paso',	'USA',	'Texas',	563662),
(3878,	'Scottsdale',	'USA',	'Arizona',	202705),
(3965,	'Corona',	'USA',	'California',	124966),
(3973,	'Concord',	'USA',	'California',	121780),
(3977,	'Cedar Rapids',	'USA',	'Iowa',	120758),
(3982,	'Coral Springs',	'USA',	'Florida',	117549),
(4054,	'Fairfield',	'USA',	'California',	92256),
(4058,	'Boulder',	'USA',	'Colorado',	91238),
(4061,	'Fall River',	'USA',	'Massachusetts',	90555);

DROP TABLE IF EXISTS `COUNTRY`;
CREATE TABLE `COUNTRY` (
  `CODE` varchar(3) NOT NULL,
  `NAME` varchar(44) NOT NULL,
  `CONTINENT` varchar(13) NOT NULL,
  `REGION` varchar(25) NOT NULL,
  `SURFACEAREA` int NOT NULL,
  `INDEPYEAR` varchar(5) NOT NULL,
  `POPULATION` int NOT NULL,
  `LIFEEXPECTANCY` varchar(4) NOT NULL,
  `GNP` int NOT NULL,
  `GNPOLD` varchar(9) NOT NULL,
  `LOCALNAME` varchar(44) NOT NULL,
  `GOVERNMENTFORM` varchar(44) NOT NULL,
  `HEADOFSTATE` varchar(32) NOT NULL,
  `CAPITAL` varchar(4) NOT NULL,
  `CODE2` varchar(2) NOT NULL
) ENGINE=InnoDB DEFAULT CHARSET=latin1;

INSERT INTO `COUNTRY` (`CODE`, `NAME`, `CONTINENT`, `REGION`, `SURFACEAREA`, `INDEPYEAR`, `POPULATION`, `LIFEEXPECTANCY`, `GNP`, `GNPOLD`, `LOCALNAME`, `GOVERNMENTFORM`, `HEADOFSTATE`, `CAPITAL`, `CODE2`) VALUES
('ABW',	'Aruba',	'North America',	'Caribbean',	193,	'NULL',	103000,	'78.4',	828,	'793.0',	'Aruba',	'Nonmetropolitan Territory of The Netherlands',	'Beatrix',	'129',	'AW'),
('AFG',	'Afghanistan',	'Asia',	'Southern and Central Asia',	652090,	'1919',	22720000,	'45.9',	5976,	'NULL',	'Afganistan/Afqanestan',	'Islamic Emirate',	'Mohammad Omar',	'1',	'AF'),
('AIA',	'Anguilla',	'North America',	'Caribbean',	96,	'NULL',	8000,	'76.1',	63,	'NULL',	'Anguilla',	'Dependent Territory of the UK',	'Elisabeth II',	'62',	'AI'),
('AND',	'Andorra',	'Europe',	'Southern Europe',	468,	'1278',	78000,	'83.5',	1630,	'NULL',	'Andorra',	'Parliamentary Coprincipality',	'NULL',	'55',	'AD'),
('ANT',	'Netherlands Antilles',	'North America',	'Caribbean',	800,	'NULL',	217000,	'74.7',	1941,	'NULL',	'Nederlandse Antillen',	'Nonmetropolitan Territory of The Netherlands',	'Beatrix',	'33',	'AN'),
('ASM',	'American Samoa',	'Oceania',	'Polynesia',	199,	'NULL',	68000,	'75.1',	334,	'NULL',	'Amerika Samoa',	'US Territory',	'George W. Bush',	'54',	'AS'),
('ATG',	'Antigua and Barbuda',	'North America',	'Caribbean',	442,	'1981',	68000,	'70.5',	612,	'584.0',	'Antigua and Barbuda',	'Constitutional Monarchy',	'Elisabeth II',	'63',	'AG'),
('AUS',	'Australia',	'Oceania',	'Australia and New Zealand',	7741220,	'1901',	18886000,	'79.8',	351182,	'392911.0',	'Australia',	'Constitutional Monarchy, Federation',	'Elisabeth II',	'135',	'AU'),
('BDI',	'Burundi',	'Africa',	'Eastern Africa',	27834,	'1962',	6695000,	'46.2',	903,	'982.0',	'Burundi/Uburundi',	'Republic',	'Pierre Buyoya',	'552',	'BI'),
('BGD',	'Bangladesh',	'Asia',	'Southern and Central Asia',	143998,	'1971',	129155000,	'60.2',	32852,	'31966.0',	'Bangladesh',	'Republic',	'Shahabuddin Ahmad',	'150',	'BD'),
('BGR',	'Bulgaria',	'Europe',	'Eastern Europe',	110994,	'1908',	8190900,	'70.9',	12178,	'10169.0',	'Balgarija',	'Republic',	'Petar Stojanov',	'539',	'BG'),
('BHR',	'Bahrain',	'Asia',	'Middle East',	694,	'1971',	617000,	'73.0',	6366,	'6097.0',	'Al-Bahrayn',	'Monarchy (Emirate)',	'Hamad ibn Isa al-Khalifa',	'149',	'BH'),
('BHS',	'Bahamas',	'North America',	'Caribbean',	13878,	'1973',	307000,	'71.1',	3527,	'3347.0',	'The Bahamas',	'Constitutional Monarchy',	'Elisabeth II',	'148',	'BS'),
('BIH',	'Bosnia and Herzegovina',	'Europe',	'Southern Europe',	51197,	'1992',	3972000,	'71.5',	2841,	'NULL',	'Bosna i Hercegovina',	'Federal Republic',	'Ante Jelavic',	'201',	'BA'),
('BLZ',	'Belize',	'North America',	'Central America',	22696,	'1981',	241000,	'70.9',	630,	'616.0',	'Belize',	'Constitutional Monarchy',	'Elisabeth II',	'185',	'BZ'),
('BMU',	'Bermuda',	'North America',	'North America',	53,	'NULL',	65000,	'76.9',	2328,	'2190.0',	'Bermuda',	'Dependent Territory of the UK',	'Elisabeth II',	'191',	'BM'),
('BRA',	'Brazil',	'South America',	'South America',	8547403,	'1822',	170115000,	'62.9',	776739,	'804108.0',	'Brasil',	'Federal Republic',	'Fernando Henrique Cardoso',	'211',	'BR'),
('BRB',	'Barbados',	'North America',	'Caribbean',	430,	'1966',	270000,	'73.0',	2223,	'2186.0',	'Barbados',	'Constitutional Monarchy',	'Elisabeth II',	'174',	'BB'),
('BRN',	'Brunei',	'Asia',	'Southeast Asia',	5765,	'1984',	328000,	'73.6',	11705,	'12460.0',	'Brunei Darussalam',	'Monarchy (Sultanate)',	'Haji Hassan al-Bolkiah',	'538',	'BN'),
('BTN',	'Bhutan',	'Asia',	'Southern and Central Asia',	47000,	'1910',	2124000,	'52.4',	372,	'383.0',	'Druk-Yul',	'Monarchy',	'Jigme Singye Wangchuk',	'192',	'BT'),
('BWA',	'Botswana',	'Africa',	'Southern Africa',	581730,	'1966',	1622000,	'39.3',	4834,	'4935.0',	'Botswana',	'Republic',	'Festus G. Mogae',	'204',	'BW'),
('CAN',	'Canada',	'North America',	'North America',	9970610,	'1867',	31147000,	'79.4',	598862,	'625626.0',	'Canada',	'Constitutional Monarchy, Federation',	'Elisabeth II',	'1822',	'CA'),
('CCK',	'Cocos (Keeling) Islands',	'Oceania',	'Australia and New Zealand',	14,	'NULL',	600,	'NULL',	0,	'NULL',	'Cocos (Keeling) Islands',	'Territory of Australia',	'Elisabeth II',	'2317',	'CC'),
('CHE',	'Switzerland',	'Europe',	'Western Europe',	41284,	'1499',	7160400,	'79.6',	264478,	'256092.0',	'Schweiz/Suisse/Svizzera/Svizra',	'Federation',	'Adolf Ogi',	'3248',	'CH'),
('CHL',	'Chile',	'South America',	'South America',	756626,	'1810',	15211000,	'75.7',	72949,	'75780.0',	'Chile',	'Republic',	'Ricardo Lagos Escobar',	'554',	'CL'),
('CMR',	'Cameroon',	'Africa',	'Central Africa',	475442,	'1960',	15085000,	'54.8',	9174,	'8596.0',	'Cameroun/Cameroon',	'Republic',	'Paul Biya',	'1804',	'CM'),
('COG',	'Congo',	'Africa',	'Central Africa',	342000,	'1960',	2943000,	'47.4',	2108,	'2287.0',	'Congo',	'Republic',	'Denis Sassou-Nguesso',	'2296',	'CG'),
('COK',	'Cook Islands',	'Oceania',	'Polynesia',	236,	'NULL',	20000,	'71.1',	100,	'NULL',	'The Cook Islands',	'Nonmetropolitan Territory of New Zealand',	'Elisabeth II',	'583',	'CK'),
('COM',	'Comoros',	'Africa',	'Eastern Africa',	1862,	'1975',	578000,	'60.0',	4401,	'4361.0',	'Komori/Comores',	'Republic',	'Azali Assoumani',	'2295',	'KM'),
('CUB',	'Cuba',	'North America',	'Caribbean',	110861,	'1902',	11201000,	'76.2',	17843,	'18862.0',	'Cuba',	'Socialistic Republic',	'Fidel Castro Ruz',	'2413',	'CU'),
('CXR',	'Christmas Island',	'Oceania',	'Australia and New Zealand',	135,	'NULL',	2500,	'NULL',	0,	'NULL',	'Christmas Island',	'Territory of Australia',	'Elisabeth II',	'1791',	'CX'),
('CYM',	'Cayman Islands',	'North America',	'Caribbean',	264,	'NULL',	38000,	'78.9',	1263,	'1186.0',	'Cayman Islands',	'Dependent Territory of the UK',	'Elisabeth II',	'553',	'KY'),
('DEU',	'Germany',	'Europe',	'Western Europe',	357022,	'1955',	82164700,	'77.4',	2133367,	'2102826.0',	'Deutschland',	'Federal Republic',	'Johannes Rau',	'3068',	'DE'),
('DJI',	'Djibouti',	'Africa',	'Eastern Africa',	23200,	'1977',	638000,	'50.8',	382,	'373.0',	'Djibouti/Jibuti',	'Republic',	'Ismail Omar Guelleh',	'585',	'DJ'),
('DMA',	'Dominica',	'North America',	'Caribbean',	751,	'1978',	71000,	'73.4',	256,	'243.0',	'Dominica',	'Republic',	'Vernon Shaw',	'586',	'DM'),
('DNK',	'Denmark',	'Europe',	'Nordic Countries',	43094,	'800',	5330000,	'76.5',	174099,	'169264.0',	'Danmark',	'Constitutional Monarchy',	'Margrethe II',	'3315',	'DK'),
('ECU',	'Ecuador',	'South America',	'South America',	283561,	'1822',	12646000,	'71.1',	19770,	'19769.0',	'Ecuador',	'Republic',	'Gustavo Noboa Bejarano',	'594',	'EC'),
('EGY',	'Egypt',	'Africa',	'Northern Africa',	1001449,	'1922',	68470000,	'63.3',	82710,	'75617.0',	'Misr',	'Republic',	'Hosni Mubarak',	'608',	'EG'),
('ERI',	'Eritrea',	'Africa',	'Eastern Africa',	117600,	'1993',	3850000,	'55.8',	650,	'755.0',	'Ertra',	'Republic',	'Isayas Afewerki [Isaias Afwerki]',	'652',	'ER'),
('ESH',	'Western Sahara',	'Africa',	'Northern Africa',	266000,	'NULL',	293000,	'49.8',	60,	'NULL',	'As-Sahrawiya',	'Occupied by Marocco',	'Mohammed Abdel Aziz',	'2453',	'EH'),
('EST',	'Estonia',	'Europe',	'Baltic Countries',	45227,	'1991',	1439200,	'69.5',	5328,	'3371.0',	'Eesti',	'Republic',	'Lennart Meri',	'3791',	'EE'),
('FIN',	'Finland',	'Europe',	'Nordic Countries',	338145,	'1917',	5171300,	'77.4',	121914,	'119833.0',	'Suomi',	'Republic',	'Tarja Halonen',	'3236',	'FI'),
('FJI',	'Fiji Islands',	'Oceania',	'Melanesia',	18274,	'1970',	817000,	'67.9',	1536,	'2149.0',	'Fiji Islands',	'Republic',	'Josefa Iloilo',	'764',	'FJ'),
('FLK',	'Falkland Islands',	'South America',	'South America',	12173,	'NULL',	2000,	'NULL',	0,	'NULL',	'Falkland Islands',	'Dependent Territory of the UK',	'Elisabeth II',	'763',	'FK'),
('FRA',	'France',	'Europe',	'Western Europe',	551500,	'843',	59225700,	'78.8',	1424285,	'1392448.0',	'France',	'Republic',	'Jacques Chirac',	'2974',	'FR'),
('FSM',	'Micronesia, Federated States of',	'Oceania',	'Micronesia',	702,	'1990',	119000,	'68.6',	212,	'NULL',	'Micronesia',	'Federal Republic',	'Leo A. Falcam',	'2689',	'FM'),
('GAB',	'Gabon',	'Africa',	'Central Africa',	267668,	'1960',	1226000,	'50.1',	5493,	'5279.0',	'Le Gabon',	'Republic',	'Omar Bongo',	'902',	'GA'),
('GBR',	'United Kingdom',	'Europe',	'British Islands',	242900,	'1066',	59623400,	'77.7',	1378330,	'1296830.0',	'United Kingdom',	'Constitutional Monarchy',	'Elisabeth II',	'456',	'GB'),
('GHA',	'Ghana',	'Africa',	'Western Africa',	238533,	'1957',	20212000,	'57.4',	7137,	'6884.0',	'Ghana',	'Republic',	'John Kufuor',	'910',	'GH'),
('GIB',	'Gibraltar',	'Europe',	'Southern Europe',	6,	'NULL',	25000,	'79.0',	258,	'NULL',	'Gibraltar',	'Dependent Territory of the UK',	'Elisabeth II',	'915',	'GI'),
('GLP',	'Guadeloupe',	'North America',	'Caribbean',	1705,	'NULL',	456000,	'77.0',	3501,	'NULL',	'Guadeloupe',	'Overseas Department of France',	'Jacques Chirac',	'919',	'GP'),
('GMB',	'Gambia',	'Africa',	'Western Africa',	11295,	'1965',	1305000,	'53.2',	320,	'325.0',	'The Gambia',	'Republic',	'Yahya Jammeh',	'904',	'GM'),
('GNQ',	'Equatorial Guinea',	'Africa',	'Central Africa',	28051,	'1968',	453000,	'53.6',	283,	'542.0',	'Guinea Ecuatorial',	'Republic',	'Teodoro Obiang Nguema Mbasogo',	'2972',	'GQ'),
('GRD',	'Grenada',	'North America',	'Caribbean',	344,	'1974',	94000,	'64.5',	318,	'NULL',	'Grenada',	'Constitutional Monarchy',	'Elisabeth II',	'916',	'GD'),
('GTM',	'Guatemala',	'North America',	'Central America',	108889,	'1821',	11385000,	'66.2',	19008,	'17797.0',	'Guatemala',	'Republic',	'Alfonso Portillo Cabrera',	'922',	'GT'),
('GUM',	'Guam',	'Oceania',	'Micronesia',	549,	'NULL',	168000,	'77.8',	1197,	'1136.0',	'Guam',	'US Territory',	'George W. Bush',	'921',	'GU'),
('GUY',	'Guyana',	'South America',	'South America',	214969,	'1966',	861000,	'64.0',	722,	'743.0',	'Guyana',	'Republic',	'Bharrat Jagdeo',	'928',	'GY'),
('HKG',	'Hong Kong',	'Asia',	'Eastern Asia',	1075,	'NULL',	6782000,	'79.5',	166448,	'173610.0',	'Xianggang/Hong Kong',	'Special Administrative Region of China',	'Jiang Zemin',	'937',	'HK'),
('HMD',	'Heard Island and McDonald Islands',	'Antarctica',	'Antarctica',	359,	'NULL',	0,	'NULL',	0,	'NULL',	'Heard and McDonald Islands',	'Territory of Australia',	'Elisabeth II',	'NULL',	'HM'),
('IDN',	'Indonesia',	'Asia',	'Southeast Asia',	1904569,	'1945',	212107000,	'68.0',	84982,	'215002.0',	'Indonesia',	'Republic',	'Abdurrahman Wahid',	'939',	'ID'),
('IND',	'India',	'Asia',	'Southern and Central Asia',	3287263,	'1947',	1013662000,	'62.5',	447114,	'430572.0',	'Bharat/India',	'Federal Republic',	'Kocheril Raman Narayanan',	'1109',	'IN'),
('IOT',	'British Indian Ocean Territory',	'Africa',	'Eastern Africa',	78,	'NULL',	0,	'NULL',	0,	'NULL',	'British Indian Ocean Territory',	'Dependent Territory of the UK',	'Elisabeth II',	'NULL',	'IO'),
('IRN',	'Iran',	'Asia',	'Southern and Central Asia',	1648195,	'1906',	67702000,	'69.7',	195746,	'160151.0',	'Iran',	'Islamic Republic',	'Ali Mohammad Khatami-Ardakani',	'1380',	'IR'),
('ITA',	'Italy',	'Europe',	'Southern Europe',	301316,	'1861',	57680000,	'79.0',	1161755,	'1145372.0',	'Italia',	'Republic',	'Carlo Azeglio Ciampi',	'1464',	'IT'),
('JAM',	'Jamaica',	'North America',	'Caribbean',	10990,	'1962',	2583000,	'75.2',	6871,	'6722.0',	'Jamaica',	'Constitutional Monarchy',	'Elisabeth II',	'1530',	'JM'),
('JOR',	'Jordan',	'Asia',	'Middle East',	88946,	'1946',	5083000,	'77.4',	7526,	'7051.0',	'Al-Urdunn',	'Constitutional Monarchy',	'Abdullah II',	'1786',	'JO'),
('JPN',	'Japan',	'Asia',	'Eastern Asia',	377829,	'-660',	126714000,	'80.7',	3787042,	'4192638.0',	'Nihon/Nippon',	'Constitutional Monarchy',	'Akihito',	'1532',	'JP'),
('KAZ',	'Kazakstan',	'Asia',	'Southern and Central Asia',	2724900,	'1991',	16223000,	'63.2',	24375,	'23383.0',	'Qazaqstan',	'Republic',	'Nursultan Nazarbajev',	'1864',	'KZ'),
('KEN',	'Kenya',	'Africa',	'Eastern Africa',	580367,	'1963',	30080000,	'48.0',	9217,	'10241.0',	'Kenya',	'Republic',	'Daniel arap Moi',	'1881',	'KE'),
('KGZ',	'Kyrgyzstan',	'Asia',	'Southern and Central Asia',	199900,	'1991',	4699000,	'63.4',	1626,	'1767.0',	'Kyrgyzstan',	'Republic',	'Askar Akajev',	'2253',	'KG'),
('KIR',	'Kiribati',	'Oceania',	'Micronesia',	726,	'1979',	83000,	'59.8',	41,	'NULL',	'Kiribati',	'Republic',	'Teburoro Tito',	'2256',	'KI'),
('KNA',	'Saint Kitts and Nevis',	'North America',	'Caribbean',	261,	'1983',	38000,	'70.7',	299,	'NULL',	'Saint Kitts and Nevis',	'Constitutional Monarchy',	'Elisabeth II',	'3064',	'KN'),
('KWT',	'Kuwait',	'Asia',	'Middle East',	17818,	'1961',	1972000,	'76.1',	27037,	'30373.0',	'Al-Kuwayt',	'Constitutional Monarchy (Emirate)',	'Jabir al-Ahmad al-Jabir al-Sabah',	'2429',	'KW'),
('LAO',	'Laos',	'Asia',	'Southeast Asia',	236800,	'1953',	5433000,	'53.1',	1292,	'1746.0',	'Lao',	'Republic',	'Khamtay Siphandone',	'2432',	'LA'),
('LBR',	'Liberia',	'Africa',	'Western Africa',	111369,	'1847',	3154000,	'51.0',	2012,	'NULL',	'Liberia',	'Republic',	'Charles Taylor',	'2440',	'LR'),
('LBY',	'Libyan Arab Jamahiriya',	'Africa',	'Northern Africa',	1759540,	'1951',	5605000,	'75.5',	44806,	'40562.0',	'Libiya',	'Socialistic State',	'Muammar al-Qadhafi',	'2441',	'LY'),
('LCA',	'Saint Lucia',	'North America',	'Caribbean',	622,	'1979',	154000,	'72.3',	571,	'NULL',	'Saint Lucia',	'Constitutional Monarchy',	'Elisabeth II',	'3065',	'LC'),
('LIE',	'Liechtenstein',	'Europe',	'Western Europe',	160,	'1806',	32300,	'78.8',	1119,	'1084.0',	'Liechtenstein',	'Constitutional Monarchy',	'Hans-Adam II',	'2446',	'LI'),
('LKA',	'Sri Lanka',	'Asia',	'Southern and Central Asia',	65610,	'1948',	18827000,	'71.8',	15706,	'15091.0',	'Sri Lanka/Ilankai',	'Republic',	'Chandrika Kumaratunga',	'3217',	'LK'),
('LSO',	'Lesotho',	'Africa',	'Southern Africa',	30355,	'1966',	2153000,	'50.8',	1061,	'1161.0',	'Lesotho',	'Constitutional Monarchy',	'Letsie III',	'2437',	'LS'),
('LTU',	'Lithuania',	'Europe',	'Baltic Countries',	65301,	'1991',	3698500,	'69.1',	10692,	'9585.0',	'Lietuva',	'Republic',	'Valdas Adamkus',	'2447',	'LT'),
('LVA',	'Latvia',	'Europe',	'Baltic Countries',	64589,	'1991',	2424200,	'68.4',	6398,	'5639.0',	'Latvija',	'Republic',	'Vaira Vike-Freiberga',	'2434',	'LV'),
('MAC',	'Macao',	'Asia',	'Eastern Asia',	18,	'NULL',	473000,	'81.6',	5749,	'5940.0',	'Macau/Aomen',	'Special Administrative Region of China',	'Jiang Zemin',	'2454',	'MO'),
('MAR',	'Morocco',	'Africa',	'Northern Africa',	446550,	'1956',	28351000,	'69.1',	36124,	'33514.0',	'Al-Maghrib',	'Constitutional Monarchy',	'Mohammed VI',	'2486',	'MA'),
('MCO',	'Monaco',	'Europe',	'Western Europe',	2,	'1861',	34000,	'78.8',	776,	'NULL',	'Monaco',	'Constitutional Monarchy',	'Rainier III',	'2695',	'MC'),
('MDA',	'Moldova',	'Europe',	'Eastern Europe',	33851,	'1991',	4380000,	'64.5',	1579,	'1872.0',	'Moldova',	'Republic',	'Vladimir Voronin',	'2690',	'MD'),
('MDG',	'Madagascar',	'Africa',	'Eastern Africa',	587041,	'1960',	15942000,	'55.0',	3750,	'3545.0',	'Madagasikara/Madagascar',	'Federal Republic',	'Didier Ratsiraka',	'2455',	'MG'),
('MDV',	'Maldives',	'Asia',	'Southern and Central Asia',	298,	'1965',	286000,	'62.2',	199,	'NULL',	'Dhivehi Raajje/Maldives',	'Republic',	'Maumoon Abdul Gayoom',	'2463',	'MV'),
('MHL',	'Marshall Islands',	'Oceania',	'Micronesia',	181,	'1990',	64000,	'65.5',	97,	'NULL',	'Marshall Islands/Majol',	'Republic',	'Kessai Note',	'2507',	'MH'),
('MKD',	'Macedonia',	'Europe',	'Southern Europe',	25713,	'1991',	2024000,	'73.8',	1694,	'1915.0',	'Makedonija',	'Republic',	'Boris Trajkovski',	'2460',	'MK'),
('MLT',	'Malta',	'Europe',	'Southern Europe',	316,	'1964',	380200,	'77.9',	3512,	'3338.0',	'Malta',	'Republic',	'Guido de Marco',	'2484',	'MT'),
('MMR',	'Myanmar',	'Asia',	'Southeast Asia',	676578,	'1948',	45611000,	'54.9',	180375,	'171028.0',	'Myanma Pye',	'Republic',	'kenraali Than Shwe',	'2710',	'MM'),
('MNG',	'Mongolia',	'Asia',	'Eastern Asia',	1566500,	'1921',	2662000,	'67.3',	1043,	'933.0',	'Mongol Uls',	'Republic',	'Natsagiin Bagabandi',	'2696',	'MN'),
('MNP',	'Northern Mariana Islands',	'Oceania',	'Micronesia',	464,	'NULL',	78000,	'75.5',	0,	'NULL',	'Northern Mariana Islands',	'Commonwealth of the US',	'George W. Bush',	'2913',	'MP'),
('MSR',	'Montserrat',	'North America',	'Caribbean',	102,	'NULL',	11000,	'78.0',	109,	'NULL',	'Montserrat',	'Dependent Territory of the UK',	'Elisabeth II',	'2697',	'MS'),
('MTQ',	'Martinique',	'North America',	'Caribbean',	1102,	'NULL',	395000,	'78.3',	2731,	'2559.0',	'Martinique',	'Overseas Department of France',	'Jacques Chirac',	'2508',	'MQ'),
('MUS',	'Mauritius',	'Africa',	'Eastern Africa',	2040,	'1968',	1158000,	'71.0',	4251,	'4186.0',	'Mauritius',	'Republic',	'Cassam Uteem',	'2511',	'MU'),
('MWI',	'Malawi',	'Africa',	'Eastern Africa',	118484,	'1964',	10925000,	'37.6',	1687,	'2527.0',	'Malawi',	'Republic',	'Bakili Muluzi',	'2462',	'MW'),
('MYS',	'Malaysia',	'Asia',	'Southeast Asia',	329758,	'1957',	22244000,	'70.8',	69213,	'97884.0',	'Malaysia',	'Constitutional Monarchy, Federation',	'Salahuddin Abdul Aziz Shah Alhaj',	'2464',	'MY'),
('MYT',	'Mayotte',	'Africa',	'Eastern Africa',	373,	'NULL',	149000,	'59.5',	0,	'NULL',	'Mayotte',	'Territorial Collectivity of France',	'Jacques Chirac',	'2514',	'YT'),
('NAM',	'Namibia',	'Africa',	'Southern Africa',	824292,	'1990',	1726000,	'42.5',	3101,	'3384.0',	'Namibia',	'Republic',	'Sam Nujoma',	'2726',	'NA'),
('NER',	'Niger',	'Africa',	'Western Africa',	1267000,	'1960',	10730000,	'41.3',	1706,	'1580.0',	'Niger',	'Republic',	'Mamadou Tandja',	'2738',	'NE'),
('NFK',	'Norfolk Island',	'Oceania',	'Australia and New Zealand',	36,	'NULL',	2000,	'NULL',	0,	'NULL',	'Norfolk Island',	'Territory of Australia',	'Elisabeth II',	'2806',	'NF'),
('NGA',	'Nigeria',	'Africa',	'Western Africa',	923768,	'1960',	111506000,	'51.6',	65707,	'58623.0',	'Nigeria',	'Federal Republic',	'Olusegun Obasanjo',	'2754',	'NG'),
('NIU',	'Niue',	'Oceania',	'Polynesia',	260,	'NULL',	2000,	'NULL',	0,	'NULL',	'Niue',	'Nonmetropolitan Territory of New Zealand',	'Elisabeth II',	'2805',	'NU'),
('NLD',	'Netherlands',	'Europe',	'Western Europe',	41526,	'1581',	15864000,	'78.3',	371362,	'360478.0',	'Nederland',	'Constitutional Monarchy',	'Beatrix',	'5',	'NL'),
('NOR',	'Norway',	'Europe',	'Nordic Countries',	323877,	'1905',	4478500,	'78.7',	145895,	'153370.0',	'Norge',	'Constitutional Monarchy',	'Harald V',	'2807',	'NO'),
('NPL',	'Nepal',	'Asia',	'Southern and Central Asia',	147181,	'1769',	23930000,	'57.8',	4768,	'4837.0',	'Nepal',	'Constitutional Monarchy',	'Gyanendra Bir Bikram',	'2729',	'NP'),
('NRU',	'Nauru',	'Oceania',	'Micronesia',	21,	'1968',	12000,	'60.8',	197,	'NULL',	'Naoero/Nauru',	'Republic',	'Bernard Dowiyogo',	'2728',	'NR'),
('NZL',	'New Zealand',	'Oceania',	'Australia and New Zealand',	270534,	'1907',	3862000,	'77.8',	54669,	'64960.0',	'New Zealand/Aotearoa',	'Constitutional Monarchy',	'Elisabeth II',	'3499',	'NZ'),
('PAK',	'Pakistan',	'Asia',	'Southern and Central Asia',	796095,	'1947',	156483000,	'61.1',	61289,	'58549.0',	'Pakistan',	'Republic',	'Mohammad Rafiq Tarar',	'2831',	'PK'),
('PCN',	'Pitcairn',	'Oceania',	'Polynesia',	49,	'NULL',	50,	'NULL',	0,	'NULL',	'Pitcairn',	'Dependent Territory of the UK',	'Elisabeth II',	'2912',	'PN'),
('PHL',	'Philippines',	'Asia',	'Southeast Asia',	300000,	'1946',	75967000,	'67.5',	65107,	'82239.0',	'Pilipinas',	'Republic',	'Gloria Macapagal-Arroyo',	'766',	'PH'),
('PLW',	'Palau',	'Oceania',	'Micronesia',	459,	'1994',	19000,	'68.6',	105,	'NULL',	'Belau/Palau',	'Republic',	'Kuniwo Nakamura',	'2881',	'PW'),
('PNG',	'Papua New Guinea',	'Oceania',	'Melanesia',	462840,	'1975',	4807000,	'63.1',	4988,	'6328.0',	'Papua New Guinea/Papua Niugini',	'Constitutional Monarchy',	'Elisabeth II',	'2884',	'PG'),
('POL',	'Poland',	'Europe',	'Eastern Europe',	323250,	'1918',	38653600,	'73.2',	151697,	'135636.0',	'Polska',	'Republic',	'Aleksander Kwasniewski',	'2928',	'PL'),
('PRI',	'Puerto Rico',	'North America',	'Caribbean',	8875,	'NULL',	3869000,	'75.6',	34100,	'32100.0',	'Puerto Rico',	'Commonwealth of the US',	'George W. Bush',	'2919',	'PR'),
('PSE',	'Palestine',	'Asia',	'Middle East',	6257,	'NULL',	3101000,	'71.4',	4173,	'NULL',	'Filastin',	'Autonomous Area',	'Yasser (Yasir) Arafat',	'4074',	'PS'),
('QAT',	'Qatar',	'Asia',	'Middle East',	11000,	'1971',	599000,	'72.4',	9472,	'8920.0',	'Qatar',	'Monarchy',	'Hamad ibn Khalifa al-Thani',	'2973',	'QA'),
('RUS',	'Russian Federation',	'Europe',	'Eastern Europe',	17075400,	'1991',	146934000,	'67.2',	276608,	'442989.0',	'Rossija',	'Federal Republic',	'Vladimir Putin',	'3580',	'RU'),
('RWA',	'Rwanda',	'Africa',	'Eastern Africa',	26338,	'1962',	7733000,	'39.3',	2036,	'1863.0',	'Rwanda/Urwanda',	'Republic',	'Paul Kagame',	'3047',	'RW'),
('SDN',	'Sudan',	'Africa',	'Northern Africa',	2505813,	'1956',	29490000,	'56.6',	10162,	'NULL',	'As-Sudan',	'Islamic Republic',	'Omar Hassan Ahmad al-Bashir',	'3225',	'SD'),
('SGP',	'Singapore',	'Asia',	'Southeast Asia',	618,	'1965',	3567000,	'80.1',	86503,	'96318.0',	'Singapore/Singapura/Xinjiapo/Singapur',	'Republic',	'Sellapan Rama Nathan',	'3208',	'SG'),
('SGS',	'South Georgia and the South Sandwich Islands',	'Antarctica',	'Antarctica',	3903,	'NULL',	0,	'NULL',	0,	'NULL',	'South Georgia and the South Sandwich Islands',	'Dependent Territory of the UK',	'Elisabeth II',	'NULL',	'GS'),
('SHN',	'Saint Helena',	'Africa',	'Western Africa',	314,	'NULL',	6000,	'76.8',	0,	'NULL',	'Saint Helena',	'Dependent Territory of the UK',	'Elisabeth II',	'3063',	'SH'),
('SJM',	'Svalbard and Jan Mayen',	'Europe',	'Nordic Countries',	62422,	'NULL',	3200,	'NULL',	0,	'NULL',	'Svalbard og Jan Mayen',	'Dependent Territory of Norway',	'Harald V',	'938',	'SJ'),
('SLB',	'Solomon Islands',	'Oceania',	'Melanesia',	28896,	'1978',	444000,	'71.3',	182,	'220.0',	'Solomon Islands',	'Constitutional Monarchy',	'Elisabeth II',	'3161',	'SB'),
('SLE',	'Sierra Leone',	'Africa',	'Western Africa',	71740,	'1961',	4854000,	'45.3',	746,	'858.0',	'Sierra Leone',	'Republic',	'Ahmed Tejan Kabbah',	'3207',	'SL'),
('SMR',	'San Marino',	'Europe',	'Southern Europe',	61,	'885',	27000,	'81.1',	510,	'NULL',	'San Marino',	'Republic',	'NULL',	'3171',	'SM'),
('SOM',	'Somalia',	'Africa',	'Eastern Africa',	637657,	'1960',	10097000,	'46.2',	935,	'NULL',	'Soomaaliya',	'Republic',	'Abdiqassim Salad Hassan',	'3214',	'SO'),
('SPM',	'Saint Pierre and Miquelon',	'North America',	'North America',	242,	'NULL',	7000,	'77.6',	0,	'NULL',	'Saint-Pierre-et-Miquelon',	'Territorial Collectivity of France',	'Jacques Chirac',	'3067',	'PM'),
('SUR',	'Suriname',	'South America',	'South America',	163265,	'1975',	417000,	'71.4',	870,	'706.0',	'Suriname',	'Republic',	'Ronald Venetiaan',	'3243',	'SR'),
('SVK',	'Slovakia',	'Europe',	'Eastern Europe',	49012,	'1993',	5398700,	'73.7',	20594,	'19452.0',	'Slovensko',	'Republic',	'Rudolf Schuster',	'3209',	'SK'),
('SVN',	'Slovenia',	'Europe',	'Southern Europe',	20256,	'1991',	1987800,	'74.9',	19756,	'18202.0',	'Slovenija',	'Republic',	'Milan Kucan',	'3212',	'SI'),
('SWE',	'Sweden',	'Europe',	'Nordic Countries',	449964,	'836',	8861400,	'79.6',	226492,	'227757.0',	'Sverige',	'Constitutional Monarchy',	'Carl XVI Gustaf',	'3048',	'SE'),
('SWZ',	'Swaziland',	'Africa',	'Southern Africa',	17364,	'1968',	1008000,	'40.4',	1206,	'1312.0',	'kaNgwane',	'Monarchy',	'Mswati III',	'3244',	'SZ'),
('SYR',	'Syria',	'Asia',	'Middle East',	185180,	'1941',	16125000,	'68.5',	65984,	'64926.0',	'Suriya',	'Republic',	'Bashar al-Assad',	'3250',	'SY'),
('TCA',	'Turks and Caicos Islands',	'North America',	'Caribbean',	430,	'NULL',	17000,	'73.3',	96,	'NULL',	'The Turks and Caicos Islands',	'Dependent Territory of the UK',	'Elisabeth II',	'3423',	'TC'),
('THA',	'Thailand',	'Asia',	'Southeast Asia',	513115,	'1350',	61399000,	'68.6',	116416,	'153907.0',	'Prathet Thai',	'Constitutional Monarchy',	'Bhumibol Adulyadej',	'3320',	'TH'),
('TKL',	'Tokelau',	'Oceania',	'Polynesia',	12,	'NULL',	2000,	'NULL',	0,	'NULL',	'Tokelau',	'Nonmetropolitan Territory of New Zealand',	'Elisabeth II',	'3333',	'TK'),
('TTO',	'Trinidad and Tobago',	'North America',	'Caribbean',	5130,	'1962',	1295000,	'68.0',	6232,	'5867.0',	'Trinidad and Tobago',	'Republic',	'Arthur N. R. Robinson',	'3336',	'TT'),
('TUN',	'Tunisia',	'Africa',	'Northern Africa',	163610,	'1956',	9586000,	'73.7',	20026,	'18898.0',	'Tunis/Tunisie',	'Republic',	'Zine al-Abidine Ben Ali',	'3349',	'TN'),
('TUV',	'Tuvalu',	'Oceania',	'Polynesia',	26,	'1978',	12000,	'66.3',	6,	'NULL',	'Tuvalu',	'Constitutional Monarchy',	'Elisabeth II',	'3424',	'TV'),
('TZA',	'Tanzania',	'Africa',	'Eastern Africa',	883749,	'1961',	33517000,	'52.3',	8005,	'7388.0',	'Tanzania',	'Republic',	'Benjamin William Mkapa',	'3306',	'TZ'),
('UGA',	'Uganda',	'Africa',	'Eastern Africa',	241038,	'1962',	21778000,	'42.9',	6313,	'6887.0',	'Uganda',	'Republic',	'Yoweri Museveni',	'3425',	'UG'),
('UMI',	'United States Minor Outlying Islands',	'Oceania',	'Micronesia/Caribbean',	16,	'NULL',	0,	'NULL',	0,	'NULL',	'United States Minor Outlying Islands',	'Dependent Territory of the US',	'George W. Bush',	'NULL',	'UM'),
('USA',	'United States',	'North America',	'North America',	9363520,	'1776',	278357000,	'77.1',	8510700,	'8110900.0',	'United States',	'Federal Republic',	'George W. Bush',	'3813',	'US'),
('UZB',	'Uzbekistan',	'Asia',	'Southern and Central Asia',	447400,	'1991',	24318000,	'63.7',	14194,	'21300.0',	'Uzbekiston',	'Republic',	'Islam Karimov',	'3503',	'UZ'),
('VCT',	'Saint Vincent and the Grenadines',	'North America',	'Caribbean',	388,	'1979',	114000,	'72.3',	285,	'NULL',	'Saint Vincent and the Grenadines',	'Constitutional Monarchy',	'Elisabeth II',	'3066',	'VC'),
('VGB',	'Virgin Islands, British',	'North America',	'Caribbean',	151,	'NULL',	21000,	'75.4',	612,	'573.0',	'British Virgin Islands',	'Dependent Territory of the UK',	'Elisabeth II',	'537',	'VG'),
('VIR',	'Virgin Islands, U.S.',	'North America',	'Caribbean',	347,	'NULL',	93000,	'78.1',	0,	'NULL',	'Virgin Islands of the United States',	'US Territory',	'George W. Bush',	'4067',	'VI'),
('VUT',	'Vanuatu',	'Oceania',	'Melanesia',	12189,	'1980',	190000,	'60.6',	261,	'246.0',	'Vanuatu',	'Republic',	'John Bani',	'3537',	'VU'),
('WLF',	'Wallis and Futuna',	'Oceania',	'Polynesia',	200,	'NULL',	15000,	'NULL',	0,	'NULL',	'Wallis-et-Futuna',	'Nonmetropolitan Territory of France',	'Jacques Chirac',	'3536',	'WF'),
('WSM',	'Samoa',	'Oceania',	'Polynesia',	2831,	'1962',	180000,	'69.2',	141,	'157.0',	'Samoa',	'Parlementary Monarchy',	'Malietoa Tanumafili II',	'3169',	'WS'),
('YEM',	'Yemen',	'Asia',	'Middle East',	527968,	'1918',	18112000,	'59.8',	6041,	'5729.0',	'Al-Yaman',	'Republic',	'Ali Abdallah Salih',	'1780',	'YE'),
('ZAF',	'South Africa',	'Africa',	'Southern Africa',	1221037,	'1910',	40377000,	'51.1',	116729,	'129092.0',	'South Africa',	'Republic',	'Thabo Mbeki',	'716',	'ZA'),
('ZMB',	'Zambia',	'Africa',	'Eastern Africa',	752618,	'1964',	9169000,	'37.2',	3377,	'3922.0',	'Zambia',	'Republic',	'Frederick Chiluba',	'3162',	'ZM'),
('ZWE',	'Zimbabwe',	'Africa',	'Eastern Africa',	390757,	'1980',	11669000,	'37.8',	5951,	'8670.0',	'Zimbabwe',	'Republic',	'Robert G. Mugabe',	'4068',	'ZW');

DROP TABLE IF EXISTS `Challenges`;
CREATE TABLE `Challenges` (
  `challenge_id` int NOT NULL,
  `hacker_id` int NOT NULL,
  `difficulty_level` int NOT NULL
) ENGINE=InnoDB DEFAULT CHARSET=latin1;

INSERT INTO `Challenges` (`challenge_id`, `hacker_id`, `difficulty_level`) VALUES
(4911,	61647,	3),
(11319,	70325,	2),
(13910,	5275,	7),
(19274,	270,	7),
(25419,	49307,	5),
(36420,	46205,	5),
(36911,	80659,	7),
(37472,	97708,	7),
(44764,	14863,	2),
(46441,	87768,	4),
(51898,	5720,	2),
(55235,	59853,	4),
(60691,	10857,	3),
(61757,	8285,	5),
(63530,	39771,	4),
(68233,	65903,	5),
(69855,	48984,	3),
(69886,	90653,	1),
(93294,	59907,	4),
(99326,	18983,	5);

DROP TABLE IF EXISTS `Difficulty`;
CREATE TABLE `Difficulty` (
  `difficulty_level` int NOT NULL,
  `score` int NOT NULL
) ENGINE=InnoDB DEFAULT CHARSET=latin1;

INSERT INTO `Difficulty` (`difficulty_level`, `score`) VALUES
(1,	20),
(2,	30),
(3,	40),
(4,	60),
(5,	80),
(6,	100),
(7,	120);

DROP TABLE IF EXISTS `Employee`;
CREATE TABLE `Employee` (
  `employee_id` int NOT NULL,
  `name` varchar(20) NOT NULL,
  `months` int NOT NULL,
  `salary` int NOT NULL
) ENGINE=InnoDB DEFAULT CHARSET=latin1;

INSERT INTO `Employee` (`employee_id`, `name`, `months`, `salary`) VALUES
(330,	'Rose',	5,	2248),
(1233,	'Angela',	7,	1296),
(1901,	'Frank',	10,	2763),
(2035,	'Patrick',	1,	4583),
(2405,	'Lisa',	7,	4350),
(2974,	'Kimberly',	11,	2874),
(3190,	'Bonnie',	11,	3758),
(3506,	'Michael',	9,	1936),
(3708,	'Todd',	22,	4046),
(4428,	'Joe',	22,	3802),
(5962,	'Earl',	11,	2958),
(6060,	'Robert',	22,	4128),
(6418,	'Amy',	2,	4832),
(7466,	'Pamela',	1,	4199),
(9102,	'Maria',	11,	2958),
(11863,	'Joe',	18,	1721),
(12004,	'Linda',	15,	2306),
(12387,	'Melissa',	20,	1854),
(13835,	'Carol',	20,	4340),
(15151,	'Paula',	15,	1526),
(15286,	'Marilyn',	10,	3087),
(15675,	'Jennifer',	2,	2336),
(16493,	'Harry',	14,	4755),
(17858,	'David',	13,	3658),
(19035,	'Julia',	4,	2195),
(19172,	'Kevin',	1,	2113),
(21638,	'Paul',	6,	3120),
(22684,	'James',	14,	1370),
(23621,	'Kelly',	7,	1923),
(24011,	'Robin',	22,	1880),
(24611,	'Ralph',	22,	1495),
(25109,	'Gloria',	2,	1979),
(25120,	'Victor',	20,	1557),
(28247,	'David',	23,	2212),
(30183,	'Joyce',	20,	2748),
(30712,	'Donna',	8,	2604),
(32502,	'Michelle',	1,	2086),
(32654,	'Stephanie',	17,	1444),
(33086,	'Gerald',	23,	2206),
(33132,	'Walter',	11,	4180),
(37008,	'Christina',	8,	3100),
(38246,	'Brandon',	3,	4339),
(38272,	'Elizabeth',	23,	3967),
(38964,	'Joseph',	4,	2194),
(39789,	'Lawrence',	9,	1872),
(40797,	'Marilyn',	15,	2112),
(41228,	'Lori',	13,	4350),
(44436,	'Matthew',	15,	4673),
(45285,	'Jesse',	1,	3768),
(47458,	'John',	13,	3104),
(47496,	'Martha',	15,	4020),
(47920,	'Timothy',	10,	1745),
(48129,	'Christine',	22,	3738),
(50664,	'Anthony',	22,	4912),
(51741,	'Paula',	1,	2492),
(52923,	'Kimberly',	17,	1955),
(55238,	'Louise',	1,	2717),
(56775,	'Martin',	16,	1385),
(57065,	'Paul',	23,	3379),
(58343,	'Antonio',	21,	3268),
(59256,	'Jacqueline',	14,	3913),
(60119,	'Diana',	13,	5149),
(61191,	'John',	5,	1775),
(65288,	'Dorothy',	22,	3792),
(65375,	'Evelyn',	6,	4079),
(66442,	'Phillip',	9,	1894),
(67137,	'Evelyn',	15,	1311),
(68942,	'Debra',	20,	3704),
(69085,	'David',	11,	1845),
(69234,	'Willie',	12,	5088),
(69475,	'Brandon',	19,	2279),
(69787,	'Ann',	9,	1311),
(70963,	'Emily',	8,	5247),
(71569,	'Dorothy',	22,	4088),
(72030,	'Jonathan',	4,	5009),
(72370,	'Dorothy',	18,	3174),
(72785,	'Marilyn',	1,	1860),
(72974,	'Norma',	21,	1558),
(74662,	'Nancy',	6,	3223),
(76876,	'Andrew',	11,	1746),
(77609,	'Keith',	2,	1219),
(78101,	'Benjamin',	7,	4414),
(79744,	'Charles',	11,	1911),
(80475,	'Alan',	16,	1853),
(80895,	'Tammy',	8,	1591),
(81381,	'Anna',	16,	1569),
(82828,	'James',	23,	4398),
(85287,	'Robin',	23,	2078),
(87170,	'Jean',	18,	3895),
(87355,	'Andrew',	15,	1446),
(89017,	'Roy',	8,	3443),
(90507,	'Diana',	9,	5101),
(90558,	'Christina',	23,	3498),
(92908,	'Jesse',	13,	4753),
(95322,	'Joyce',	18,	1577),
(95983,	'Patricia',	23,	1469),
(96963,	'Gregory',	16,	5071),
(97178,	'Brian',	19,	3144),
(98271,	'Christine',	3,	3796),
(98491,	'Lillian',	3,	1920);

DROP TABLE IF EXISTS `Functions`;
CREATE TABLE `Functions` (
  `X` int NOT NULL,
  `Y` int NOT NULL
) ENGINE=InnoDB DEFAULT CHARSET=latin1;

INSERT INTO `Functions` (`X`, `Y`) VALUES
(86,	86),
(27,	27),
(45,	45),
(95,	95),
(11,	11),
(18,	8),
(85,	85),
(2,	2),
(77,	77),
(91,	91),
(15,	15),
(84,	84),
(51,	51),
(32,	32),
(35,	35),
(8,	8),
(92,	92),
(67,	67),
(62,	62),
(33,	33),
(13,	13),
(15,	11),
(18,	18),
(3,	3),
(38,	38),
(80,	80),
(34,	34),
(6,	6),
(72,	72),
(14,	12),
(44,	44),
(4,	22),
(90,	90),
(47,	47),
(78,	78),
(23,	3),
(42,	42),
(56,	56),
(79,	79),
(55,	55),
(65,	65),
(17,	17),
(64,	64),
(4,	4),
(28,	28),
(19,	19),
(17,	9),
(36,	36),
(25,	25),
(81,	81),
(60,	60),
(48,	48),
(5,	5),
(88,	88),
(7,	19),
(21,	21),
(29,	29),
(52,	52),
(9,	17),
(9,	9),
(13,	13),
(16,	10),
(1,	1),
(31,	31),
(46,	46),
(7,	7),
(58,	58),
(23,	23),
(87,	87),
(83,	83),
(66,	66),
(93,	93),
(24,	2),
(98,	98),
(53,	53),
(20,	6),
(61,	61),
(20,	20),
(96,	96),
(99,	99),
(73,	73),
(2,	24),
(14,	14),
(71,	71),
(5,	21),
(22,	4),
(75,	75),
(6,	20),
(97,	97),
(41,	41),
(26,	26),
(22,	22),
(8,	18),
(74,	74),
(40,	40),
(21,	5),
(94,	94),
(76,	76),
(49,	49),
(11,	15),
(59,	59),
(89,	89),
(68,	68),
(24,	24),
(37,	37),
(12,	12),
(63,	63),
(43,	43),
(16,	16),
(100,	100),
(39,	39),
(25,	1),
(69,	69),
(54,	54),
(50,	50),
(30,	30),
(10,	10);

DROP TABLE IF EXISTS `GRADES`;
CREATE TABLE `GRADES` (
  `Grade` int NOT NULL,
  `Min_Mark` int NOT NULL,
  `Max_Mark` int NOT NULL
) ENGINE=InnoDB DEFAULT CHARSET=latin1;

INSERT INTO `GRADES` (`Grade`, `Min_Mark`, `Max_Mark`) VALUES
(1,	0,	9),
(2,	10,	19),
(3,	20,	29),
(4,	30,	39),
(5,	40,	49),
(6,	50,	59),
(7,	60,	69),
(8,	70,	79),
(9,	80,	89),
(10,	90,	100);

DROP TABLE IF EXISTS `Hackers`;
CREATE TABLE `Hackers` (
  `hacker_id` int NOT NULL,
  `name` varchar(16) NOT NULL
) ENGINE=InnoDB DEFAULT CHARSET=latin1;

INSERT INTO `Hackers` (`hacker_id`, `name`) VALUES
(72,	'Rose'),
(270,	'Angela'),
(929,	'Frank'),
(1194,	'Patrick'),
(1434,	'Lisa'),
(1842,	'Kimberly'),
(2319,	'Bonnie'),
(2729,	'Michael'),
(2746,	'Todd'),
(3395,	'Joe'),
(3768,	'Earl'),
(4509,	'Robert'),
(5135,	'Amy'),
(5275,	'Pamela'),
(5611,	'Maria'),
(5720,	'Joe'),
(5828,	'Linda'),
(7671,	'Melissa'),
(8205,	'Carol'),
(8285,	'Paula'),
(8498,	'Marilyn'),
(9761,	'Jennifer'),
(10011,	'Harry'),
(10084,	'David'),
(10776,	'Julia'),
(10857,	'Kevin'),
(12539,	'Paul'),
(13122,	'James'),
(13380,	'Kelly'),
(13391,	'Robin'),
(13523,	'Ralph'),
(13762,	'Gloria'),
(13944,	'Victor'),
(14246,	'David'),
(14363,	'Joyce'),
(14366,	'Donna'),
(14372,	'Michelle'),
(14658,	'Stephanie'),
(14777,	'Gerald'),
(14863,	'Walter'),
(15719,	'Christina'),
(16259,	'Brandon'),
(17295,	'Elizabeth'),
(17762,	'Joseph'),
(18330,	'Lawrence'),
(18690,	'Marilyn'),
(18983,	'Lori'),
(19076,	'Matthew'),
(19448,	'Jesse'),
(20504,	'John'),
(20534,	'Martha'),
(21212,	'Timothy'),
(21463,	'Christine'),
(22196,	'Anthony'),
(23278,	'Paula'),
(23678,	'Kimberly'),
(24663,	'Louise'),
(25184,	'Martin'),
(25238,	'Paul'),
(25732,	'Antonio'),
(26133,	'Jacqueline'),
(26243,	'Diana'),
(26253,	'John'),
(26289,	'Dorothy'),
(26895,	'Evelyn'),
(27232,	'Phillip'),
(28250,	'Evelyn'),
(28275,	'Debra'),
(28299,	'David'),
(28614,	'Willie'),
(30128,	'Brandon'),
(30721,	'Ann'),
(30755,	'Emily'),
(32121,	'Dorothy'),
(32172,	'Jonathan'),
(32254,	'Dorothy'),
(34242,	'Marilyn'),
(35583,	'Norma'),
(36228,	'Nancy'),
(36322,	'Andrew'),
(37704,	'Keith'),
(38852,	'Benjamin'),
(39277,	'Charles'),
(39771,	'Alan'),
(39782,	'Tammy'),
(40226,	'Anna'),
(40257,	'James'),
(41293,	'Robin'),
(41319,	'Jean'),
(42052,	'Andrew'),
(43892,	'Roy'),
(44188,	'Diana'),
(45386,	'Christina'),
(45785,	'Jesse'),
(46205,	'Joyce'),
(47641,	'Patricia'),
(48984,	'Gregory'),
(49307,	'Brian'),
(49652,	'Christine'),
(49789,	'Lillian'),
(50081,	'Aaron'),
(50274,	'Dorothy'),
(50393,	'Christopher'),
(51385,	'Bobby'),
(51410,	'Bobby'),
(51503,	'Gerald'),
(51906,	'Carol'),
(52184,	'Jeremy'),
(52274,	'Clarence'),
(52500,	'Wayne'),
(53315,	'Carolyn'),
(54055,	'Margaret'),
(54300,	'Andrew'),
(55007,	'Albert'),
(55107,	'Judy'),
(55635,	'Arthur'),
(56050,	'Cynthia'),
(57147,	'Jerry'),
(57650,	'Thomas'),
(57694,	'Elizabeth'),
(57947,	'Justin'),
(59326,	'Albert'),
(59640,	'James'),
(59853,	'Stephen'),
(59907,	'Alan'),
(60412,	'Joshua'),
(60738,	'Norma'),
(61506,	'Mildred'),
(61647,	'Melissa'),
(61703,	'Paul'),
(61885,	'Gerald'),
(62626,	'Ronald'),
(62669,	'Sandra'),
(62764,	'Helen'),
(64383,	'Larry'),
(64617,	'Alan'),
(65817,	'Paul'),
(65900,	'Chris'),
(65903,	'Steven'),
(66031,	'Jennifer'),
(66414,	'Bonnie'),
(67640,	'Shirley'),
(68141,	'Jeffrey'),
(68645,	'Janet'),
(68709,	'Albert'),
(68908,	'Charles'),
(69871,	'Kelly'),
(70325,	'Bobby'),
(71121,	'Elizabeth'),
(71525,	'Keith'),
(72757,	'Jose'),
(72944,	'Ann'),
(73095,	'Helen'),
(73193,	'Jason'),
(73355,	'Gerald'),
(73418,	'Carlos'),
(73961,	'Ryan'),
(74101,	'Ashley'),
(74160,	'Julia'),
(74413,	'Harry'),
(74553,	'Sean'),
(74558,	'Julia'),
(74932,	'Marilyn'),
(75773,	'Cheryl'),
(75984,	'Susan'),
(77119,	'Judith'),
(77211,	'Ruth'),
(79555,	'Jane'),
(79803,	'Sara'),
(80659,	'Denise'),
(81751,	'Jason'),
(81936,	'Rose'),
(82542,	'Susan'),
(82704,	'Irene'),
(83194,	'Jonathan'),
(84304,	'Shawn'),
(84653,	'Julia'),
(85039,	'Linda'),
(85242,	'Melissa'),
(87768,	'Dennis'),
(89033,	'Jeremy'),
(89507,	'Patrick'),
(90106,	'Jennifer'),
(90500,	'Lillian'),
(90653,	'Charles'),
(91104,	'Philip'),
(91557,	'Jimmy'),
(91744,	'Doris'),
(92776,	'Craig'),
(93514,	'Walter'),
(95822,	'Wayne'),
(96117,	'Katherine'),
(96546,	'Mark'),
(97708,	'Barbara'),
(97990,	'Mark'),
(98095,	'Joe'),
(98128,	'Maria'),
(99104,	'John'),
(99113,	'Brian'),
(99559,	'Kimberly'),
(7395,	'user_7395'),
(8868,	'user_8868'),
(7644,	'user_7644'),
(8096,	'user_8096'),
(2042,	'user_2042'),
(5174,	'user_5174'),
(4087,	'user_4087'),
(8083,	'user_8083'),
(2745,	'user_2745'),
(6537,	'user_6537'),
(8303,	'user_8303'),
(3869,	'user_3869'),
(1686,	'user_1686'),
(8899,	'user_8899'),
(6118,	'user_6118'),
(9617,	'user_9617'),
(4213,	'user_4213'),
(2545,	'user_2545'),
(9684,	'user_9684'),
(2397,	'user_2397');

DROP TABLE IF EXISTS `OCCUPATIONS`;
CREATE TABLE `OCCUPATIONS` (
  `Name` varchar(10) NOT NULL,
  `Occupation` varchar(10) NOT NULL
) ENGINE=InnoDB DEFAULT CHARSET=latin1;

INSERT INTO `OCCUPATIONS` (`Name`, `Occupation`) VALUES
('Ashley',	'Professor'),
('Samantha',	'Actor'),
('Julia',	'Doctor'),
('Britney',	'Professor'),
('Maria',	'Professor'),
('Meera',	'Professor'),
('Priya',	'Doctor'),
('Priyanka',	'Professor'),
('Jennifer',	'Actor'),
('Ketty',	'Actor'),
('Belvet',	'Professor'),
('Naomi',	'Professor'),
('Jane',	'Singer'),
('Jenny',	'Singer'),
('Kristeen',	'Singer'),
('Christeen',	'Singer'),
('Eve',	'Actor'),
('Aamina',	'Doctor');

DROP TABLE IF EXISTS `STATION`;
CREATE TABLE `STATION` (
  `ID` int NOT NULL,
  `CITY` varchar(21) NOT NULL,
  `STATE` varchar(2) NOT NULL,
  `LAT_N` int NOT NULL,
  `LONG_W` int NOT NULL
) ENGINE=InnoDB DEFAULT CHARSET=latin1;

INSERT INTO `STATION` (`ID`, `CITY`, `STATE`, `LAT_N`, `LONG_W`) VALUES
(794,	'Kissee Mills',	'MO',	140,	73),
(824,	'Loma Mar',	'CA',	49,	131),
(603,	'Sandy Hook',	'CT',	72,	148),
(478,	'Tipton',	'IN',	34,	98),
(619,	'Arlington',	'CO',	75,	93),
(711,	'Turner',	'AR',	50,	101),
(839,	'Slidell',	'LA',	85,	152),
(411,	'Negreet',	'LA',	99,	105),
(588,	'Glencoe',	'KY',	46,	136),
(665,	'Chelsea',	'IA',	99,	60),
(342,	'Chignik Lagoon',	'AK',	103,	153),
(733,	'Pelahatchie',	'MS',	39,	28),
(441,	'Hanna City',	'IL',	51,	137),
(811,	'Dorrance',	'KS',	102,	122),
(698,	'Albany',	'CA',	50,	80),
(325,	'Monument',	'KS',	71,	142),
(414,	'Manchester',	'MD',	74,	37),
(113,	'Prescott',	'IA',	40,	66),
(971,	'Graettinger',	'IA',	95,	150),
(266,	'Cahone',	'CO',	116,	127),
(617,	'Sturgis',	'MS',	36,	126),
(495,	'Upperco',	'MD',	114,	30),
(473,	'Highwood',	'IL',	27,	151),
(959,	'Waipahu',	'HI',	106,	34),
(438,	'Bowdon',	'GA',	89,	78),
(571,	'Tyler',	'MN',	133,	59),
(92,	'Watkins',	'CO',	83,	97),
(399,	'Republic',	'MI',	75,	130),
(426,	'Millville',	'CA',	33,	146),
(844,	'Aguanga',	'CA',	80,	66),
(321,	'Bowdon Junction',	'GA',	86,	34),
(606,	'Morenci',	'AZ',	105,	110),
(957,	'South El Monte',	'CA',	74,	80),
(833,	'Hoskinston',	'KY',	66,	66),
(843,	'Talbert',	'KY',	40,	59),
(166,	'Mccomb',	'MS',	74,	43),
(339,	'Kirk',	'CO',	141,	136),
(909,	'Carlock',	'IL',	117,	85),
(829,	'Seward',	'IL',	72,	90),
(766,	'Gustine',	'CA',	111,	141),
(392,	'Delano',	'CA',	126,	92),
(555,	'Westphalia',	'MI',	33,	144),
(33,	'Saint Elmo',	'AL',	27,	51),
(728,	'Roy',	'MT',	41,	52),
(656,	'Pattonsburg',	'MO',	138,	32),
(394,	'Centertown',	'MO',	134,	93),
(366,	'Norvell',	'MI',	125,	94),
(96,	'Raymondville',	'MO',	71,	148),
(867,	'Beaver Island',	'MI',	82,	165),
(977,	'Odin',	'IL',	53,	116),
(741,	'Jemison',	'AL',	62,	26),
(436,	'West Hills',	'CA',	68,	73),
(323,	'Barrigada',	'GU',	61,	148),
(3,	'Hesperia',	'CA',	106,	71),
(814,	'Wickliffe',	'KY',	80,	46),
(375,	'Culdesac',	'ID',	48,	78),
(467,	'Roselawn',	'IN',	88,	52),
(604,	'Forest Lakes',	'AZ',	145,	114),
(551,	'San Simeon',	'CA',	38,	28),
(706,	'Little Rock',	'AR',	122,	121),
(647,	'Portland',	'AR',	84,	45),
(25,	'New Century',	'KS',	135,	79),
(250,	'Hampden',	'MA',	76,	26),
(124,	'Pine City',	'MN',	119,	129),
(547,	'Sandborn',	'IN',	56,	94),
(701,	'Seaton',	'IL',	128,	78),
(197,	'Milledgeville',	'IL',	91,	113),
(613,	'East China',	'MI',	109,	42),
(630,	'Prince Frederick',	'MD',	105,	58),
(767,	'Pomona Park',	'FL',	101,	163),
(679,	'Gretna',	'LA',	75,	143),
(896,	'Yazoo City',	'MS',	95,	85),
(403,	'Zionsville',	'IN',	58,	36),
(519,	'Rio Oso',	'CA',	29,	106),
(482,	'Jolon',	'CA',	67,	53),
(252,	'Childs',	'MD',	93,	104),
(600,	'Shreveport',	'LA',	136,	39),
(14,	'Forest',	'MS',	120,	50),
(260,	'Sizerock',	'KY',	116,	113),
(65,	'Buffalo Creek',	'CO',	48,	148),
(753,	'Algonac',	'MI',	119,	80),
(174,	'Onaway',	'MI',	109,	56),
(263,	'Irvington',	'IL',	97,	68),
(253,	'Winsted',	'MN',	69,	73),
(557,	'Woodbury',	'GA',	103,	93),
(897,	'Samantha',	'AL',	75,	36),
(98,	'Hackleburg',	'AL',	120,	121),
(423,	'Soldier',	'KS',	77,	153),
(361,	'Arrowsmith',	'IL',	28,	109),
(409,	'Columbus',	'GA',	67,	47),
(312,	'Bentonville',	'AR',	37,	78),
(854,	'Kirkland',	'AZ',	86,	58),
(160,	'Grosse Pointe',	'MI',	102,	91),
(735,	'Wilton',	'ME',	57,	157),
(608,	'Busby',	'MT',	104,	30),
(122,	'Robertsdale',	'AL',	98,	85),
(93,	'Dale',	'IN',	70,	34),
(67,	'Reeds',	'MO',	31,	43),
(906,	'Hayfork',	'CA',	35,	117),
(34,	'Mcbrides',	'MI',	74,	36),
(921,	'Lee Center',	'IL',	96,	77),
(401,	'Tennessee',	'IL',	55,	156),
(536,	'Henderson',	'IA',	78,	78),
(953,	'Udall',	'KS',	113,	60),
(370,	'Palm Desert',	'CA',	107,	146),
(614,	'Benedict',	'KS',	138,	96),
(998,	'Oakfield',	'ME',	48,	132),
(805,	'Tamms',	'IL',	60,	75),
(235,	'Haubstadt',	'IN',	28,	32),
(820,	'Chokio',	'MN',	81,	134),
(650,	'Clancy',	'MT',	46,	164),
(791,	'Scotts Valley',	'CA',	120,	91),
(324,	'Norwood',	'MN',	144,	35),
(442,	'Elkton',	'MD',	103,	157),
(633,	'Bertha',	'MN',	40,	105),
(109,	'Bridgeport',	'MI',	51,	80),
(780,	'Cherry',	'IL',	68,	47),
(492,	'Regina',	'KY',	132,	90),
(965,	'Griffin',	'GA',	39,	152),
(778,	'Pine Bluff',	'AR',	60,	146),
(337,	'Mascotte',	'FL',	121,	146),
(259,	'Baldwin',	'MD',	82,	40),
(955,	'Netawaka',	'KS',	109,	120),
(752,	'East Irvine',	'CA',	106,	115),
(886,	'Pony',	'MT',	99,	163),
(200,	'Franklin',	'LA',	82,	32),
(384,	'Amo',	'IN',	104,	159),
(518,	'Vulcan',	'MO',	109,	92),
(188,	'Prairie Du Rocher',	'IL',	76,	71),
(161,	'Alanson',	'MI',	91,	72),
(486,	'Delta',	'LA',	137,	50),
(406,	'Carver',	'MN',	46,	122),
(940,	'Paron',	'AR',	59,	104),
(237,	'Winchester',	'ID',	38,	80),
(465,	'Jerome',	'AZ',	122,	34),
(591,	'Baton Rouge',	'LA',	130,	72),
(570,	'Greenview',	'CA',	81,	58),
(429,	'Lucerne Valley',	'CA',	36,	48),
(278,	'Cromwell',	'MN',	129,	54),
(927,	'Quinter',	'KS',	60,	25),
(59,	'Whitewater',	'MO',	83,	71),
(218,	'Round Pond',	'ME',	127,	124),
(291,	'Clarkdale',	'AZ',	58,	74),
(668,	'Rockton',	'IL',	116,	87),
(682,	'Pheba',	'MS',	91,	127),
(775,	'Eleele',	'HI',	81,	153),
(527,	'Auburn',	'IA',	95,	137),
(108,	'North Berwick',	'ME',	71,	27),
(190,	'Oconee',	'GA',	93,	119),
(232,	'Grandville',	'MI',	39,	70),
(405,	'Susanville',	'CA',	128,	80),
(273,	'Rosie',	'AR',	73,	162),
(813,	'Verona',	'MO',	110,	153),
(444,	'Richland',	'GA',	105,	113),
(899,	'Fremont',	'MI',	54,	151),
(738,	'Philipsburg',	'MT',	96,	72),
(215,	'Kensett',	'IA',	56,	140),
(743,	'De Tour Village',	'MI',	25,	25),
(377,	'Koleen',	'IN',	138,	111),
(727,	'Winslow',	'IL',	113,	39),
(363,	'Reasnor',	'IA',	42,	163),
(117,	'West Grove',	'IA',	127,	99),
(420,	'Frankfort Heights',	'IL',	72,	30),
(888,	'Bono',	'AR',	133,	150),
(784,	'Biggsville',	'IL',	86,	139),
(413,	'Linthicum Heights',	'MD',	128,	68),
(695,	'Amazonia',	'MO',	46,	148),
(609,	'Marysville',	'MI',	86,	133),
(471,	'Cape Girardeau',	'MO',	74,	91),
(649,	'Pengilly',	'MN',	25,	154),
(946,	'Newton Center',	'MA',	48,	145),
(380,	'Crane Lake',	'MN',	73,	43),
(383,	'Newbury',	'MA',	128,	85),
(44,	'Kismet',	'KS',	100,	157),
(433,	'Canton',	'ME',	99,	106),
(283,	'Clipper Mills',	'CA',	114,	57),
(474,	'Grayslake',	'IL',	61,	33),
(233,	'Pierre Part',	'LA',	52,	90),
(990,	'Bison',	'KS',	132,	75),
(502,	'Bellevue',	'KY',	127,	122),
(327,	'Ridgway',	'CO',	77,	110),
(4,	'South Britain',	'CT',	66,	34),
(228,	'Rydal',	'GA',	36,	79),
(642,	'Lynnville',	'KY',	25,	146),
(885,	'Deerfield',	'MO',	40,	36),
(539,	'Montreal',	'MO',	129,	127),
(202,	'Hope',	'MN',	140,	44),
(593,	'Aliso Viejo',	'CA',	68,	131),
(521,	'Gowrie',	'IA',	130,	128),
(938,	'Andersonville',	'GA',	141,	73),
(919,	'Knob Lick',	'KY',	136,	33),
(528,	'Crouseville',	'ME',	37,	82),
(331,	'Cranks',	'KY',	56,	27),
(45,	'Rives Junction',	'MI',	94,	117),
(944,	'Ledyard',	'CT',	135,	144),
(949,	'Norway',	'ME',	84,	88),
(88,	'Eros',	'LA',	95,	58),
(878,	'Rantoul',	'KS',	32,	119),
(35,	'Richmond Hill',	'GA',	39,	114),
(17,	'Fredericktown',	'MO',	106,	113),
(447,	'Arkadelphia',	'AR',	99,	50),
(498,	'Glen Carbon',	'IL',	61,	141),
(351,	'Fredericksburg',	'IN',	45,	78),
(774,	'Manchester',	'IA',	130,	123),
(116,	'Mc Henry',	'MD',	93,	113),
(963,	'Eriline',	'KY',	94,	65),
(643,	'Wellington',	'KY',	100,	32),
(781,	'Hoffman Estates',	'IL',	129,	53),
(364,	'Howard Lake',	'MN',	126,	78),
(777,	'Edgewater',	'MD',	130,	72),
(15,	'Ducor',	'CA',	141,	102),
(910,	'Salem',	'KY',	87,	114),
(612,	'Sturdivant',	'MO',	94,	86),
(537,	'Hagatna',	'GU',	97,	152),
(970,	'East Haddam',	'CT',	116,	132),
(510,	'Eastlake',	'MI',	134,	39),
(354,	'Larkspur',	'CA',	107,	66),
(983,	'Patriot',	'IN',	83,	46),
(799,	'Corriganville',	'MD',	141,	154),
(581,	'Carlos',	'MN',	115,	66),
(825,	'Addison',	'MI',	96,	142),
(526,	'Tarzana',	'CA',	136,	81),
(176,	'Grapevine',	'AR',	92,	85),
(994,	'Kanorado',	'KS',	65,	86),
(704,	'Climax',	'MI',	127,	107),
(582,	'Curdsville',	'KY',	85,	150),
(884,	'Southport',	'CT',	59,	63),
(196,	'Compton',	'IL',	107,	99),
(605,	'Notasulga',	'AL',	67,	116),
(430,	'Rumsey',	'KY',	71,	50),
(234,	'Rogers',	'CT',	140,	33),
(700,	'Pleasant Grove',	'AR',	135,	146),
(702,	'Everton',	'MO',	119,	51),
(662,	'Skanee',	'MI',	70,	130),
(171,	'Springerville',	'AZ',	125,	151),
(615,	'Libertytown',	'MD',	145,	112),
(26,	'Church Creek',	'MD',	39,	91),
(692,	'Yellow Pine',	'ID',	83,	151),
(336,	'Dumont',	'MN',	57,	129),
(464,	'Gales Ferry',	'CT',	105,	37),
(315,	'Ravenna',	'KY',	79,	106),
(505,	'Williams',	'AZ',	73,	112),
(842,	'Decatur',	'MI',	63,	161),
(982,	'Holbrook',	'AZ',	135,	104),
(868,	'Sherrill',	'AR',	80,	152),
(554,	'Brownsdale',	'MN',	52,	51),
(199,	'Linden',	'MI',	53,	33),
(453,	'Sedgwick',	'AR',	69,	75),
(451,	'Fort Atkinson',	'IA',	143,	141),
(950,	'Peachtree City',	'GA',	80,	156),
(326,	'Rocheport',	'MO',	114,	64),
(189,	'West Somerset',	'KY',	74,	45),
(638,	'Clovis',	'CA',	92,	138),
(156,	'Heyburn',	'ID',	82,	121),
(861,	'Peabody',	'KS',	75,	152),
(722,	'Marion Junction',	'AL',	53,	31),
(428,	'Randall',	'KS',	48,	136),
(677,	'Hayesville',	'IA',	120,	42),
(183,	'Jordan',	'MN',	69,	35),
(322,	'White Horse Beach',	'MA',	54,	59),
(827,	'Greenville',	'IL',	51,	153),
(242,	'Macy',	'IN',	139,	152),
(621,	'Flowood',	'MS',	65,	149),
(960,	'Deep River',	'IA',	75,	39),
(180,	'Napoleon',	'IN',	32,	160),
(382,	'Leavenworth',	'IN',	100,	122),
(853,	'Coldwater',	'KS',	48,	26),
(105,	'Weldon',	'CA',	134,	119),
(357,	'Yellville',	'AR',	36,	42),
(710,	'Turners Falls',	'MA',	31,	125),
(520,	'Delray Beach',	'FL',	27,	159),
(920,	'Eustis',	'FL',	43,	39),
(684,	'Mineral Point',	'MO',	91,	41),
(355,	'Weldona',	'CO',	33,	58),
(389,	'Midpines',	'CA',	106,	59),
(303,	'Cascade',	'ID',	32,	157),
(501,	'Tefft',	'IN',	93,	150),
(673,	'Showell',	'MD',	44,	164),
(834,	'Bayville',	'ME',	107,	143),
(255,	'Brighton',	'IL',	108,	33),
(595,	'Grimes',	'IA',	42,	75),
(709,	'Nubieber',	'CA',	133,	49),
(100,	'North Monmouth',	'ME',	131,	78),
(522,	'Harmony',	'MN',	124,	126),
(16,	'Beaufort',	'MO',	72,	86),
(231,	'Arispe',	'IA',	31,	138),
(923,	'Union Star',	'MO',	79,	133),
(891,	'Humeston',	'IA',	75,	122),
(165,	'Baileyville',	'IL',	82,	61),
(757,	'Lakeville',	'CT',	60,	95),
(506,	'Firebrick',	'KY',	50,	95),
(76,	'Pico Rivera',	'CA',	143,	117),
(246,	'Ludington',	'MI',	30,	120),
(583,	'Channing',	'MI',	117,	57),
(666,	'West Baden Springs',	'IN',	30,	96),
(373,	'Pawnee',	'IL',	85,	81),
(504,	'Melber',	'KY',	37,	56),
(901,	'Manchester',	'MN',	71,	84),
(306,	'Bainbridge',	'GA',	62,	57),
(821,	'Sanders',	'AZ',	131,	97),
(586,	'Ottertail',	'MN',	100,	44),
(95,	'Dupo',	'IL',	41,	29),
(524,	'Montrose',	'CA',	136,	119),
(716,	'Schleswig',	'IA',	119,	52),
(849,	'Harbor Springs',	'MI',	141,	149),
(611,	'Richmond',	'IL',	113,	163),
(904,	'Ermine',	'KY',	120,	63),
(740,	'Siler',	'KY',	137,	117),
(439,	'Reeves',	'LA',	35,	51),
(57,	'Clifton',	'AZ',	30,	136),
(155,	'Casco',	'MI',	139,	109),
(755,	'Sturgis',	'MI',	117,	135),
(11,	'Crescent City',	'FL',	58,	118),
(287,	'Madisonville',	'LA',	112,	53),
(435,	'Albion',	'IN',	44,	122),
(672,	'Lismore',	'MN',	59,	104),
(572,	'Athens',	'IN',	75,	121),
(890,	'Eufaula',	'AL',	140,	103),
(975,	'Panther Burn',	'MS',	117,	165),
(914,	'Hanscom Afb',	'MA',	129,	136),
(119,	'Wildie',	'KY',	70,	112),
(540,	'Mosca',	'CO',	89,	141),
(678,	'Bennington',	'IN',	36,	27),
(208,	'Lottie',	'LA',	110,	83),
(512,	'Garland',	'ME',	109,	134),
(352,	'Clutier',	'IA',	61,	127),
(948,	'Lupton',	'MI',	140,	53),
(503,	'Northfield',	'MN',	61,	37),
(288,	'Daleville',	'AL',	122,	136),
(560,	'Osage City',	'KS',	110,	90),
(479,	'Cuba',	'MO',	64,	88),
(826,	'Norris',	'MT',	47,	37),
(651,	'Clopton',	'AL',	41,	85),
(143,	'Renville',	'MN',	142,	99),
(240,	'Saint Paul',	'KS',	66,	163),
(102,	'Kirksville',	'MO',	140,	144),
(69,	'Kingsland',	'AR',	78,	85),
(181,	'Fairview',	'KS',	80,	165),
(175,	'Lydia',	'LA',	42,	40),
(80,	'Bridgton',	'ME',	93,	140),
(596,	'Brownstown',	'IL',	49,	63),
(301,	'Monona',	'IA',	144,	82),
(987,	'Hartland',	'MI',	136,	108),
(973,	'Andover',	'CT',	52,	53),
(981,	'Lakota',	'IA',	56,	92),
(440,	'Grand Terrace',	'CA',	37,	127),
(110,	'Mesick',	'MI',	82,	109),
(396,	'Dryden',	'MI',	70,	48),
(637,	'Beverly',	'KY',	58,	127),
(566,	'Marine On Saint Croix',	'MN',	126,	116),
(801,	'Pocahontas',	'IL',	110,	83),
(739,	'Fort Meade',	'FL',	44,	35),
(130,	'Hayneville',	'AL',	110,	157),
(345,	'Yoder',	'IN',	83,	144),
(851,	'Gatewood',	'MO',	76,	146),
(489,	'Madden',	'MS',	81,	99),
(223,	'Losantville',	'IN',	113,	107),
(538,	'Cheswold',	'DE',	32,	59),
(329,	'Caseville',	'MI',	103,	98),
(815,	'Pomona',	'MO',	52,	50),
(789,	'Hopkinsville',	'KY',	27,	48),
(269,	'Jack',	'AL',	50,	86),
(969,	'Dixie',	'GA',	27,	36),
(271,	'Hillside',	'CO',	99,	69),
(667,	'Hawarden',	'IA',	91,	47),
(350,	'Cannonsburg',	'MI',	91,	121),
(49,	'Osborne',	'KS',	70,	140),
(332,	'Elm Grove',	'LA',	46,	29),
(172,	'Atlantic Mine',	'MI',	131,	99),
(699,	'North Branford',	'CT',	38,	95),
(417,	'New Liberty',	'IA',	140,	95),
(99,	'Woodstock Valley',	'CT',	117,	163),
(404,	'Farmington',	'IL',	92,	72),
(23,	'Honolulu',	'HI',	110,	140),
(1,	'Pfeifer',	'KS',	37,	66),
(127,	'Oshtemo',	'MI',	100,	136),
(657,	'Gridley',	'KS',	118,	56),
(261,	'Fulton',	'KY',	111,	52),
(182,	'Winter Park',	'FL',	133,	33),
(328,	'Monroe',	'LA',	28,	108),
(779,	'Del Mar',	'CA',	59,	96),
(646,	'Greens Fork',	'IN',	134,	135),
(756,	'Garden City',	'AL',	96,	105),
(157,	'Blue River',	'KY',	117,	162),
(400,	'New Ross',	'IN',	134,	121),
(61,	'Brilliant',	'AL',	86,	160),
(610,	'Archie',	'MO',	40,	28),
(985,	'Winslow',	'AR',	126,	126),
(207,	'Olmitz',	'KS',	29,	38),
(941,	'Allerton',	'IA',	62,	113),
(70,	'Norphlet',	'AR',	144,	61),
(343,	'Mechanic Falls',	'ME',	72,	71),
(531,	'North Middletown',	'KY',	43,	142),
(996,	'Keyes',	'CA',	77,	86),
(167,	'Equality',	'AL',	107,	116),
(750,	'Neon',	'KY',	102,	148),
(410,	'Calhoun',	'KY',	96,	57),
(725,	'Alpine',	'AR',	117,	115),
(988,	'Mullan',	'ID',	143,	155),
(55,	'Coalgood',	'KY',	57,	149),
(640,	'Walnut',	'MS',	41,	77),
(302,	'Saint Petersburg',	'FL',	52,	120),
(387,	'Ojai',	'CA',	69,	119),
(476,	'Julian',	'CA',	131,	102),
(907,	'Veedersburg',	'IN',	79,	95),
(294,	'Orange Park',	'FL',	59,	137),
(661,	'Payson',	'AZ',	126,	154),
(745,	'Windom',	'KS',	114,	126),
(631,	'Urbana',	'IA',	143,	29),
(356,	'Ludlow',	'CA',	111,	88),
(419,	'Lindsay',	'MT',	143,	68),
(494,	'Palatka',	'FL',	95,	52),
(625,	'Bristol',	'ME',	88,	95),
(459,	'Harmony',	'IN',	135,	71),
(636,	'Ukiah',	'CA',	87,	90),
(106,	'Yuma',	'AZ',	111,	154),
(204,	'Alba',	'MI',	92,	104),
(344,	'Zachary',	'LA',	61,	152),
(599,	'Esmond',	'IL',	76,	91),
(515,	'Waresboro',	'GA',	144,	154),
(497,	'Hills',	'MN',	138,	135),
(162,	'Montgomery City',	'MO',	70,	45),
(499,	'Delavan',	'MN',	33,	65),
(362,	'Magnolia',	'MS',	113,	32),
(545,	'Byron',	'CA',	137,	120),
(712,	'Dundee',	'IA',	62,	105),
(257,	'Eureka Springs',	'AR',	72,	35),
(154,	'Baker',	'CA',	31,	148),
(715,	'Hyde Park',	'MA',	65,	156),
(493,	'Groveoak',	'AL',	53,	88),
(836,	'Kenner',	'LA',	92,	127),
(82,	'Many',	'LA',	36,	95),
(644,	'Seward',	'AK',	120,	36),
(391,	'Berryton',	'KS',	61,	140),
(696,	'Chilhowee',	'MO',	80,	49),
(905,	'Newark',	'IL',	73,	130),
(81,	'Cowgill',	'MO',	137,	28),
(31,	'Novinger',	'MO',	108,	112),
(299,	'Goodman',	'MS',	101,	117),
(84,	'Cobalt',	'CT',	87,	27),
(754,	'South Haven',	'MI',	145,	53),
(144,	'Eskridge',	'KS',	108,	63),
(305,	'Bennington',	'KS',	94,	83),
(226,	'Decatur',	'MS',	71,	118),
(224,	'West Hyannisport',	'MA',	59,	96),
(694,	'Ozona',	'FL',	145,	121),
(623,	'Jackson',	'AL',	111,	67),
(543,	'Lapeer',	'MI',	129,	114),
(819,	'Peaks Island',	'ME',	59,	111),
(243,	'Hazlehurst',	'MS',	49,	109),
(457,	'Chester',	'CA',	70,	124),
(871,	'Clarkston',	'MI',	94,	81),
(470,	'Healdsburg',	'CA',	111,	54),
(705,	'Hotchkiss',	'CO',	70,	72),
(690,	'Ravenden Springs',	'AR',	68,	108),
(62,	'Monroe',	'AR',	132,	150),
(365,	'Payson',	'IL',	82,	92),
(922,	'Kell',	'IL',	70,	59),
(838,	'Strasburg',	'CO',	89,	48),
(286,	'Five Points',	'AL',	46,	122),
(968,	'Norris City',	'IL',	54,	76),
(928,	'Coaling',	'AL',	144,	52),
(746,	'Orange City',	'IA',	94,	163),
(892,	'Effingham',	'KS',	133,	98),
(193,	'Corcoran',	'CA',	81,	140),
(225,	'Garden City',	'IA',	54,	120),
(573,	'Alton',	'MO',	80,	112),
(830,	'Greenway',	'AR',	119,	36),
(241,	'Woodsboro',	'MD',	77,	142),
(783,	'Strawn',	'IL',	30,	51),
(675,	'Dent',	'MN',	71,	137),
(270,	'Shingletown',	'CA',	61,	102),
(378,	'Clio',	'IA',	46,	115),
(104,	'Yalaha',	'FL',	120,	120),
(460,	'Leakesville',	'MS',	107,	73),
(804,	'Fort Lupton',	'CO',	39,	93),
(53,	'Shasta',	'CA',	99,	156),
(448,	'Canton',	'MN',	124,	151),
(751,	'Agency',	'MO',	59,	96),
(29,	'South Carrollton',	'KY',	58,	117),
(718,	'Taft',	'CA',	108,	147),
(213,	'Calpine',	'CA',	47,	43),
(624,	'Knobel',	'AR',	95,	62),
(908,	'Bullhead City',	'AZ',	95,	30),
(845,	'Tina',	'MO',	132,	28),
(685,	'Anthony',	'KS',	45,	161),
(731,	'Emmett',	'ID',	57,	32),
(311,	'South Haven',	'MN',	30,	87),
(866,	'Haverhill',	'IA',	62,	109),
(598,	'Middleboro',	'MA',	108,	149),
(541,	'Siloam',	'GA',	105,	92),
(889,	'Lena',	'LA',	78,	130),
(654,	'Lee',	'IL',	28,	51),
(841,	'Freeport',	'MI',	114,	51),
(446,	'Mid Florida',	'FL',	110,	51),
(249,	'Acme',	'LA',	73,	68),
(376,	'Gorham',	'KS',	111,	65),
(136,	'Bass Harbor',	'ME',	138,	61),
(455,	'Granger',	'IA',	33,	102);

DROP TABLE IF EXISTS `STUDENTS`;
CREATE TABLE `STUDENTS` (
  `ID` int NOT NULL,
  `Name` varchar(20) NOT NULL,
  `Marks` int NOT NULL
) ENGINE=InnoDB DEFAULT CHARSET=latin1;

INSERT INTO `STUDENTS` (`ID`, `Name`, `Marks`) VALUES
(19,	'Samantha',	87),
(21,	'Julia',	96),
(11,	'Britney',	95),
(32,	'Kristeen',	100),
(12,	'Dyana',	55),
(13,	'Jenny',	66),
(14,	'Christene',	88),
(15,	'Meera',	24),
(16,	'Priya',	76),
(17,	'Priyanka',	77),
(18,	'Paige',	74),
(19,	'Jane',	64),
(21,	'Belvet',	78),
(31,	'Scarlet',	80),
(41,	'Salma',	81),
(51,	'Amanda',	34),
(61,	'Heraldo',	94),
(71,	'Stuart',	99),
(81,	'Aamina',	77),
(76,	'Amina',	89),
(91,	'Vivek',	84),
(17,	'Evil',	79),
(16,	'Devil',	76),
(34,	'Fanny',	75),
(38,	'Danny',	75);

DROP TABLE IF EXISTS `Submissions`;
CREATE TABLE `Submissions` (
  `submission_id` int NOT NULL,
  `hacker_id` int NOT NULL,
  `challenge_id` int NOT NULL,
  `score` int NOT NULL
) ENGINE=InnoDB DEFAULT CHARSET=latin1;

INSERT INTO `Submissions` (`submission_id`, `hacker_id`, `challenge_id`, `score`) VALUES
(43954,	40226,	69855,	40),
(89007,	85039,	44764,	14),
(38171,	32172,	25419,	80),
(95655,	95822,	63530,	47),
(67667,	61885,	55235,	16),
(608,	72,	93294,	0),
(48950,	47641,	51898,	30),
(14835,	13762,	44764,	30),
(5719,	3768,	44764,	20),
(79124,	74101,	19274,	27),
(9608,	9761,	51898,	80),
(66937,	61703,	44764,	14),
(70395,	65817,	99326,	72),
(1602,	929,	63530,	0),
(38474,	32172,	51898,	30),
(88883,	84653,	69886,	1),
(94969,	92776,	55235,	57),
(39613,	35583,	11319,	30),
(60498,	57147,	55235,	10),
(66873,	61703,	36420,	24),
(61607,	57694,	51898,	5),
(16169,	14246,	55235,	60),
(61307,	57650,	63530,	31),
(82072,	74932,	69855,	37),
(54331,	51503,	36911,	47),
(31874,	26253,	69855,	40),
(82971,	75773,	99326,	49),
(93663,	91557,	93294,	27),
(25663,	20504,	37472,	120),
(73458,	68141,	93294,	49),
(56056,	52274,	11319,	25),
(20487,	15719,	61757,	80),
(62359,	57947,	55235,	12),
(2076,	1194,	63530,	0),
(19500,	14863,	44764,	30),
(62522,	57947,	68233,	9),
(49656,	49307,	11319,	30),
(21884,	17295,	37472,	120),
(95417,	93514,	44764,	21),
(63442,	59640,	60691,	11),
(86241,	81751,	25419,	48),
(47952,	45785,	37472,	120),
(25400,	19448,	51898,	30),
(57696,	54300,	13910,	13),
(84812,	79555,	63530,	2),
(56234,	52274,	46441,	37),
(84017,	77211,	11319,	5),
(32019,	26253,	99326,	80),
(25465,	19448,	68233,	80),
(89263,	85242,	4911,	7),
(601,	72,	63530,	0),
(13515,	13391,	51898,	30),
(72955,	68141,	44764,	19),
(5502,	3395,	93294,	20),
(82171,	74932,	93294,	43),
(74575,	68908,	44764,	16),
(55925,	52184,	61757,	3),
(77253,	72757,	69855,	35),
(19909,	15719,	36420,	80),
(35652,	28614,	37472,	120),
(45409,	41293,	55235,	60),
(64338,	59853,	61757,	69),
(89302,	85242,	19274,	106),
(47714,	45386,	69886,	20),
(72978,	68141,	55235,	19),
(12556,	13122,	11319,	30),
(78583,	73355,	68233,	59),
(26429,	21212,	44764,	30),
(10316,	10084,	19274,	80),
(27984,	23278,	36420,	80),
(33064,	27232,	36420,	80),
(86312,	81751,	37472,	105),
(92077,	90500,	19274,	13),
(9444,	9761,	19274,	80),
(84608,	79555,	11319,	5),
(72900,	68141,	36420,	15),
(70667,	65900,	69886,	14),
(67728,	61885,	93294,	4),
(43463,	39782,	69886,	20),
(11844,	10857,	51898,	30),
(186,	72,	4911,	0),
(10632,	10084,	60691,	60),
(69536,	64617,	11319,	7),
(10498,	10084,	44764,	120),
(90071,	89033,	13910,	9),
(30953,	26133,	68233,	80),
(43302,	39782,	61757,	80),
(44334,	40257,	63530,	60),
(93599,	91557,	68233,	74),
(19504,	14863,	46441,	60),
(69411,	64383,	99326,	23),
(25484,	19448,	69886,	20),
(93540,	91557,	51898,	1),
(47771,	45386,	93294,	60),
(74667,	69871,	11319,	13),
(36331,	30128,	44764,	30),
(60910,	57147,	99326,	29),
(1910,	1194,	60691,	0),
(89762,	87768,	36420,	14),
(75483,	70325,	55235,	36),
(13310,	13380,	93294,	60),
(9711,	9761,	93294,	80),
(59007,	55107,	36420,	35),
(6302,	4509,	51898,	100),
(28237,	23678,	13910,	120),
(20721,	15719,	69886,	20),
(22218,	17762,	36911,	120),
(92561,	90653,	46441,	51),
(81716,	74932,	44764,	27),
(68444,	62669,	46441,	17),
(64784,	59907,	37472,	62),
(49909,	49307,	61757,	80),
(91862,	90500,	4911,	35),
(74645,	68908,	51898,	26),
(64489,	59853,	63530,	25),
(28525,	23678,	55235,	60),
(75753,	70325,	60691,	21),
(28869,	24663,	55235,	60),
(97030,	97990,	44764,	30),
(90574,	89033,	60691,	32),
(18993,	14777,	51898,	30),
(20857,	16259,	11319,	30),
(48759,	47641,	13910,	120),
(62532,	57947,	69855,	40),
(65799,	60738,	60691,	36),
(53825,	51410,	55235,	5),
(22019,	17295,	63530,	60),
(86322,	81751,	44764,	30),
(60227,	57147,	19274,	21),
(5645,	3768,	19274,	30),
(30058,	25732,	11319,	30),
(32632,	26895,	55235,	60),
(51547,	49789,	69886,	1),
(95195,	92776,	63530,	38),
(11449,	10776,	60691,	80),
(47064,	44188,	36420,	80),
(67316,	61885,	36420,	2),
(11779,	10857,	36420,	40),
(75434,	70325,	11319,	6),
(96553,	96546,	69855,	8),
(70169,	65817,	61757,	21),
(13587,	13391,	55235,	60),
(86053,	81751,	11319,	27),
(22997,	18330,	60691,	40),
(82293,	75773,	4911,	20),
(18050,	14658,	19274,	120),
(7884,	5720,	99326,	120),
(8459,	8205,	11319,	40),
(40441,	36228,	13910,	120),
(98463,	99104,	60691,	4),
(74234,	68709,	93294,	17),
(54237,	51503,	25419,	63),
(88598,	84304,	25419,	52),
(85227,	79803,	63530,	9),
(85750,	80659,	61757,	79),
(42551,	39277,	44764,	30),
(40485,	36228,	25419,	80),
(62830,	59326,	37472,	46),
(10441,	10084,	36911,	60),
(96656,	97708,	4911,	37),
(53238,	51385,	46441,	59),
(76278,	71121,	61757,	55),
(57030,	53315,	51898,	27),
(41053,	36322,	36420,	80),
(86899,	81936,	44764,	13),
(44316,	40257,	60691,	40),
(38591,	32172,	93294,	60),
(19230,	14777,	99326,	80),
(80169,	74413,	68233,	74),
(70859,	65903,	36420,	65),
(49292,	48984,	46441,	60),
(24221,	19076,	13910,	120),
(88770,	84304,	69855,	5),
(20726,	15719,	93294,	60),
(47145,	44188,	60691,	40),
(25414,	19448,	55235,	60),
(15410,	13944,	44764,	30),
(94387,	91744,	69886,	16),
(78488,	73355,	46441,	34),
(65826,	60738,	61757,	27),
(7935,	5828,	11319,	120),
(49129,	47641,	68233,	80),
(1623,	929,	68233,	0),
(66536,	61647,	61757,	27),
(54203,	51503,	19274,	40),
(2408,	1434,	11319,	0),
(52609,	50393,	13910,	28),
(93465,	91557,	44764,	22),
(34284,	28275,	55235,	60),
(39007,	34242,	4911,	40),
(43498,	40226,	19274,	120),
(34917,	28299,	11319,	30),
(69948,	64617,	51898,	16),
(2762,	1434,	93294,	0),
(75060,	69871,	36911,	65),
(25602,	20504,	19274,	120),
(86896,	81936,	36911,	13),
(53820,	51410,	51898,	30),
(39507,	34242,	99326,	80),
(29398,	25184,	61757,	80),
(68790,	62764,	51898,	3),
(12831,	13122,	68233,	80),
(72927,	68141,	37472,	11),
(95259,	93514,	19274,	39),
(32715,	26895,	63530,	60),
(42101,	38852,	51898,	30),
(28180,	23278,	69886,	20),
(83593,	77119,	25419,	57),
(63381,	59640,	36420,	53),
(31544,	26253,	44764,	30),
(38996,	32254,	99326,	80),
(56419,	52274,	68233,	1),
(98740,	99113,	36420,	69),
(84796,	79555,	60691,	3),
(83488,	75984,	44764,	4),
(55355,	51906,	60691,	27),
(65623,	60738,	37472,	29),
(72830,	68141,	19274,	53),
(75386,	69871,	99326,	10),
(38693,	32254,	4911,	40),
(18540,	14658,	61757,	80),
(60307,	57147,	36420,	9),
(8290,	5828,	69886,	30),
(75760,	70325,	69886,	6),
(13497,	13391,	36911,	120),
(89582,	87768,	19274,	119),
(20615,	15719,	68233,	80),
(33544,	27232,	68233,	80),
(97212,	98095,	25419,	28),
(19881,	15719,	25419,	80),
(94590,	92776,	4911,	33),
(16399,	14363,	36420,	80),
(257,	72,	13910,	0),
(87837,	83194,	19274,	98),
(84999,	79803,	36911,	99),
(33143,	27232,	37472,	120),
(50333,	49652,	36420,	80),
(33924,	28250,	46441,	60),
(56440,	52274,	69886,	19),
(98670,	99113,	13910,	49),
(55954,	52184,	93294,	57),
(95514,	95822,	36911,	45),
(43171,	39782,	51898,	30),
(51495,	49789,	68233,	47),
(99982,	99559,	99326,	49),
(57682,	54300,	4911,	17),
(80987,	74558,	25419,	22),
(78443,	73355,	36420,	38),
(46517,	43892,	36911,	120),
(57017,	53315,	46441,	40),
(29940,	25238,	63530,	60),
(38179,	32172,	36420,	80),
(51277,	49789,	46441,	6),
(30003,	25238,	99326,	80),
(14314,	13762,	4911,	40),
(65191,	59907,	61757,	36),
(37077,	30721,	55235,	60),
(45681,	41319,	61757,	80),
(89898,	87768,	99326,	78),
(68161,	62626,	51898,	12),
(42949,	39771,	19274,	120),
(84670,	79555,	36420,	52),
(47340,	45386,	25419,	80),
(79264,	74101,	51898,	6),
(6548,	5135,	37472,	100),
(70424,	65900,	19274,	97),
(26485,	21212,	60691,	40),
(74659,	68908,	61757,	60),
(65917,	60738,	99326,	63),
(77806,	73095,	19274,	1),
(61501,	57694,	36420,	55),
(76960,	72757,	19274,	107),
(31528,	26253,	36911,	120),
(89364,	85242,	55235,	53),
(50868,	49789,	36911,	80),
(60500,	57147,	60691,	10),
(77837,	73095,	60691,	11),
(23898,	18983,	37472,	120),
(29894,	25238,	36420,	80),
(49804,	49307,	37472,	120),
(79073,	73961,	60691,	8),
(8413,	7671,	61757,	40),
(92637,	90653,	68233,	67),
(78628,	73418,	36911,	94),
(39964,	35583,	36911,	120),
(22680,	17762,	46441,	60),
(76719,	71525,	36420,	73),
(32379,	26895,	36911,	120),
(65563,	60738,	36420,	38),
(75842,	71121,	4911,	4),
(52585,	50274,	99326,	12),
(74360,	68908,	13910,	97),
(31237,	26243,	36911,	120),
(86648,	81751,	99326,	29),
(97375,	98095,	55235,	31),
(74953,	69871,	36420,	60),
(6312,	4509,	60691,	100),
(92688,	90653,	93294,	13),
(43121,	39771,	61757,	80),
(57225,	53315,	69886,	4),
(62861,	59326,	61757,	11),
(57123,	53315,	60691,	19),
(11492,	10776,	69855,	120),
(96054,	96117,	46441,	35),
(53085,	50393,	93294,	50),
(31907,	26253,	93294,	60),
(37860,	32121,	51898,	30),
(16755,	14366,	13910,	120),
(89268,	85242,	11319,	15),
(20847,	16259,	4911,	40),
(53045,	50393,	68233,	57),
(69647,	64617,	36911,	9),
(61686,	57694,	55235,	19),
(54601,	51503,	51898,	13),
(6710,	5135,	99326,	100),
(96339,	96546,	11319,	14),
(11638,	10857,	4911,	120),
(93283,	91104,	69855,	24),
(23475,	18690,	11319,	30),
(91528,	90106,	37472,	32),
(56902,	53315,	19274,	56),
(74017,	68709,	19274,	83),
(96565,	96546,	99326,	3),
(87092,	81936,	69855,	31),
(95485,	95822,	25419,	31),
(97489,	98128,	4911,	33),
(16352,	14363,	25419,	80),
(33878,	28250,	44764,	30),
(56407,	52274,	60691,	26),
(5485,	3395,	63530,	120),
(692,	72,	99326,	0),
(91531,	90106,	46441,	44),
(7972,	5828,	25419,	30),
(78017,	73193,	19274,	52),
(38403,	32172,	44764,	30),
(38750,	32254,	11319,	30),
(90669,	89033,	69855,	13),
(71858,	66414,	55235,	14),
(85140,	79803,	60691,	9),
(23768,	18690,	63530,	60),
(83657,	77119,	46441,	11),
(87974,	83194,	44764,	28),
(57952,	54300,	69855,	3),
(83678,	77119,	55235,	25),
(21290,	16259,	55235,	60),
(36269,	30128,	36420,	80),
(89251,	85039,	69855,	20),
(80399,	74553,	13910,	93),
(62690,	59326,	11319,	17),
(48447,	46205,	37472,	120),
(60105,	57147,	11319,	3),
(45906,	42052,	36420,	80),
(1573,	929,	51898,	0),
(13240,	13380,	61757,	80),
(78529,	73355,	60691,	5),
(96263,	96117,	69855,	16),
(48058,	45785,	46441,	60),
(86818,	81936,	13910,	54),
(24582,	19076,	44764,	30),
(99671,	99559,	61757,	63),
(63757,	59853,	13910,	57),
(13317,	13391,	4911,	40),
(11369,	10776,	55235,	100),
(45052,	41293,	19274,	120),
(33274,	27232,	46441,	60),
(22906,	18330,	36911,	120),
(25995,	20534,	44764,	30),
(18927,	14777,	37472,	120),
(95933,	96117,	19274,	14),
(41835,	37704,	99326,	80),
(37022,	30721,	46441,	60),
(5865,	3768,	63530,	20),
(27820,	22196,	93294,	60),
(31196,	26243,	13910,	120),
(69225,	64383,	69886,	3),
(36195,	30128,	25419,	80),
(70765,	65903,	4911,	3),
(16043,	14246,	36911,	120),
(7798,	5720,	93294,	20),
(91754,	90106,	93294,	60),
(58978,	55107,	11319,	28),
(15474,	13944,	61757,	80),
(53206,	51385,	36420,	12),
(87864,	83194,	37472,	34),
(53207,	51385,	37472,	67),
(93063,	91104,	51898,	13),
(26685,	21212,	99326,	80),
(84531,	77211,	93294,	57),
(46895,	43892,	93294,	60),
(16561,	14363,	46441,	60),
(69591,	64617,	13910,	81),
(68657,	62764,	19274,	45),
(12624,	13122,	25419,	80),
(49558,	48984,	93294,	60),
(94514,	91744,	99326,	14),
(57965,	54300,	69886,	2),
(89851,	87768,	63530,	4),
(48845,	47641,	19274,	120),
(27521,	22196,	37472,	120),
(24402,	19076,	36420,	80),
(36325,	30128,	36911,	120),
(96541,	96546,	60691,	15),
(79126,	74101,	36420,	74),
(86557,	81751,	63530,	50),
(9249,	8498,	37472,	30),
(71251,	66031,	36420,	12),
(64115,	59853,	46441,	32),
(79936,	74413,	25419,	60),
(95293,	93514,	25419,	64),
(81075,	74558,	61757,	20),
(81455,	74558,	69855,	38),
(92493,	90653,	37472,	22),
(88955,	85039,	19274,	73),
(15156,	13944,	13910,	120),
(33829,	28250,	36420,	80),
(77786,	73095,	11319,	14),
(17809,	14372,	99326,	80),
(37590,	32121,	19274,	120),
(56781,	52500,	60691,	13),
(22971,	18330,	46441,	60),
(83713,	77119,	63530,	31),
(54840,	51503,	68233,	25),
(37399,	30755,	68233,	80),
(35676,	28614,	46441,	60),
(64756,	59907,	25419,	68),
(36758,	30721,	4911,	40),
(59633,	56050,	25419,	56),
(24991,	19448,	4911,	40),
(55626,	51906,	93294,	5),
(26633,	21212,	69886,	20),
(6999,	5611,	37472,	80),
(57163,	53315,	63530,	35),
(95343,	93514,	37472,	26),
(32372,	26895,	19274,	120),
(97057,	97990,	51898,	17),
(537,	72,	36420,	0),
(78997,	73961,	4911,	40),
(19450,	14863,	36420,	80),
(78814,	73418,	63530,	54),
(28196,	23678,	4911,	40),
(93667,	91744,	4911,	17),
(86681,	81936,	11319,	3),
(67094,	61703,	60691,	2),
(12894,	13122,	69855,	40),
(42677,	39277,	60691,	40),
(70396,	65900,	4911,	17),
(34173,	28275,	36420,	80),
(77218,	72757,	68233,	17),
(8110,	5828,	51898,	80),
(75968,	71121,	36420,	8),
(28041,	23278,	37472,	120),
(67169,	61703,	63530,	19),
(36629,	30128,	68233,	80),
(76849,	71525,	93294,	46),
(5224,	3395,	51898,	0),
(54090,	51410,	68233,	31),
(95820,	96117,	11319,	24),
(12436,	12539,	60691,	40),
(70888,	65903,	36911,	34),
(3482,	1842,	69886,	0),
(82342,	75773,	25419,	22),
(93108,	91104,	55235,	46),
(98591,	99104,	99326,	52),
(8883,	8285,	44764,	60),
(61036,	57650,	36420,	73),
(38445,	32172,	46441,	60),
(92367,	90653,	19274,	41),
(8539,	8205,	36420,	100),
(21956,	17295,	55235,	60),
(17194,	14372,	13910,	120),
(83854,	77119,	69855,	15),
(2730,	1434,	69855,	0),
(28822,	24663,	51898,	30),
(13750,	13391,	99326,	80),
(70782,	65903,	13910,	98),
(64556,	59853,	99326,	71),
(40059,	35583,	46441,	60),
(47561,	45386,	44764,	30),
(96091,	96117,	68233,	40),
(5056,	3395,	25419,	0),
(47676,	45386,	69855,	40),
(50399,	49652,	46441,	60),
(53533,	51385,	93294,	49),
(24575,	19076,	36911,	120),
(9307,	8498,	51898,	80),
(11245,	10776,	44764,	40),
(30239,	25732,	63530,	60),
(9942,	10011,	46441,	100),
(93238,	91104,	68233,	28),
(80286,	74413,	69886,	20),
(30407,	25732,	69886,	20),
(78905,	73418,	69886,	3),
(30528,	26133,	11319,	30),
(75308,	69871,	68233,	42),
(9777,	10011,	4911,	30),
(51805,	50081,	61757,	47),
(40581,	36228,	51898,	30),
(37362,	30755,	61757,	80),
(15360,	13944,	36420,	80),
(6326,	4509,	61757,	120),
(87319,	82542,	69855,	14),
(87244,	82542,	19274,	38),
(6368,	4509,	99326,	40),
(52863,	50393,	60691,	24),
(31351,	26243,	69855,	40),
(34466,	28275,	69855,	40),
(2708,	1434,	61757,	0),
(9371,	8498,	60691,	100),
(17436,	14372,	37472,	120),
(35067,	28299,	36911,	120),
(89465,	85242,	69855,	4),
(91859,	90106,	99326,	70),
(33598,	27232,	93294,	60),
(91050,	89507,	13910,	106),
(44311,	40257,	46441,	60),
(89890,	87768,	69886,	9),
(1727,	1194,	19274,	0),
(11696,	10857,	13910,	100),
(26296,	20534,	69886,	20),
(90526,	89033,	51898,	18),
(84991,	79803,	25419,	19),
(99261,	99559,	11319,	22),
(79690,	74160,	69855,	39),
(23660,	18690,	61757,	80),
(90556,	89033,	55235,	40),
(89568,	87768,	13910,	113),
(76795,	71525,	51898,	14),
(41349,	37704,	4911,	40),
(70112,	65817,	36911,	91),
(1309,	929,	19274,	0),
(17657,	14372,	60691,	40),
(60835,	57147,	69886,	4),
(42977,	39771,	46441,	60),
(99796,	99559,	63530,	23),
(18437,	14658,	51898,	30),
(22744,	17762,	63530,	60),
(4615,	2746,	13910,	0),
(13809,	13523,	19274,	120),
(55450,	51906,	69855,	34),
(18118,	14658,	36911,	120),
(80684,	74553,	46441,	32),
(97350,	98095,	36911,	98),
(57907,	54300,	68233,	18),
(53316,	51385,	68233,	47),
(8409,	7671,	37472,	80),
(15231,	13944,	25419,	80),
(50863,	49789,	13910,	120),
(15851,	14246,	13910,	120),
(98029,	99104,	25419,	50),
(44335,	40257,	69886,	20),
(25893,	20504,	61757,	80),
(31669,	26253,	60691,	40),
(59472,	55635,	4911,	34),
(87542,	82704,	36911,	96),
(30742,	26133,	51898,	30),
(16142,	14246,	37472,	120),
(41032,	36322,	13910,	120),
(74106,	68709,	44764,	9),
(24307,	19076,	19274,	120),
(87072,	81936,	68233,	40),
(50669,	49652,	63530,	60),
(96382,	96546,	25419,	65),
(8230,	5828,	69855,	100),
(48379,	45785,	93294,	60),
(71938,	66414,	61757,	47),
(23839,	18983,	36911,	120),
(59468,	55107,	99326,	17),
(18849,	14777,	13910,	120),
(2838,	1842,	44764,	0),
(12441,	12539,	61757,	80),
(63297,	59640,	4911,	13),
(96350,	96546,	19274,	94),
(68970,	64383,	4911,	8),
(88977,	85039,	37472,	112),
(4059,	2319,	36420,	0),
(64044,	59853,	44764,	24),
(93575,	91557,	61757,	26),
(85364,	79803,	93294,	19),
(40491,	36228,	37472,	120),
(85718,	80659,	46441,	51),
(86616,	81751,	69855,	7),
(47313,	44188,	69855,	40),
(65966,	61506,	4911,	23),
(22951,	18330,	44764,	30),
(94975,	92776,	60691,	12),
(97010,	97990,	36420,	37),
(45779,	41319,	69855,	40),
(79869,	74413,	11319,	7),
(45513,	41293,	93294,	60),
(70608,	65900,	68233,	22),
(4595,	2746,	4911,	0),
(66856,	61703,	25419,	54),
(61222,	57650,	51898,	18),
(36975,	30721,	44764,	30),
(95456,	95822,	13910,	75),
(10714,	10776,	4911,	100),
(75471,	70325,	13910,	74),
(33085,	27232,	36911,	120),
(66821,	61703,	19274,	8),
(26828,	21463,	44764,	30),
(59086,	55107,	55235,	28),
(90272,	89033,	25419,	19),
(41995,	38852,	36911,	120),
(19271,	14863,	11319,	30),
(97035,	97990,	46441,	6),
(81908,	74932,	61757,	44),
(10209,	10011,	69886,	100),
(79275,	74160,	4911,	31),
(63602,	59640,	63530,	57),
(23834,	18690,	69855,	40),
(55560,	51906,	69886,	11),
(68547,	62669,	93294,	36),
(56460,	52274,	93294,	7),
(33517,	27232,	61757,	80),
(51955,	50274,	13910,	34),
(21969,	17295,	61757,	80),
(94311,	91744,	68233,	11),
(73832,	68645,	61757,	67),
(85422,	79803,	99326,	29),
(560,	72,	36911,	0),
(76604,	71525,	11319,	20),
(2095,	1194,	68233,	0),
(37157,	30755,	19274,	120),
(26026,	20534,	46441,	60),
(55247,	51906,	37472,	21),
(11826,	10857,	46441,	100),
(71391,	66031,	37472,	28),
(99382,	99559,	25419,	4),
(71046,	65903,	60691,	13),
(66567,	61647,	68233,	65),
(1471,	929,	44764,	0),
(2577,	1434,	46441,	0),
(33931,	28250,	51898,	30),
(69069,	64383,	55235,	27),
(37574,	32121,	4911,	40),
(49013,	47641,	55235,	60),
(99446,	99559,	36911,	61),
(32449,	26895,	37472,	120),
(64635,	59907,	13910,	3),
(30737,	26133,	46441,	60),
(53089,	50393,	99326,	49),
(77857,	73095,	69855,	14),
(8801,	8285,	36911,	60),
(73080,	68141,	63530,	27),
(15126,	13944,	4911,	40),
(67574,	61885,	46441,	40),
(2828,	1842,	36420,	0),
(77734,	72944,	68233,	65),
(36344,	30128,	46441,	60),
(37328,	30755,	60691,	40),
(38134,	32121,	68233,	80),
(8188,	5828,	63530,	40),
(28168,	23278,	69855,	40),
(98613,	99113,	4911,	10),
(91388,	89507,	68233,	14),
(35328,	28299,	46441,	60),
(57844,	54300,	60691,	15),
(98485,	99104,	69886,	8),
(8986,	8285,	68233,	100),
(12063,	10857,	69855,	40),
(43357,	39782,	68233,	80),
(83500,	75984,	46441,	60),
(32244,	26289,	69855,	40),
(21874,	17295,	36911,	120),
(38598,	32172,	99326,	80),
(6602,	5135,	46441,	20),
(70368,	65817,	93294,	45),
(5440,	3395,	61757,	30),
(57430,	54055,	55235,	23),
(43139,	39782,	19274,	120),
(76621,	71525,	13910,	30),
(47301,	44188,	68233,	80),
(20920,	16259,	13910,	120),
(77548,	72944,	44764,	6),
(60031,	56050,	69886,	6),
(92264,	90500,	93294,	53),
(26246,	20534,	61757,	80),
(45941,	42052,	37472,	120),
(88418,	83194,	99326,	51),
(84808,	79555,	61757,	44),
(30001,	25238,	68233,	80),
(52753,	50393,	37472,	38),
(16986,	14366,	61757,	80),
(50713,	49652,	93294,	60),
(49214,	48984,	25419,	80),
(43537,	40226,	37472,	120),
(28099,	23278,	51898,	30),
(57993,	54300,	93294,	58),
(32649,	26895,	61757,	80),
(4210,	2729,	4911,	0),
(52051,	50274,	36911,	82),
(78959,	73418,	93294,	41),
(16717,	14363,	69855,	40),
(81714,	74932,	37472,	11),
(11102,	10776,	36420,	40),
(66523,	61647,	46441,	53),
(36115,	30128,	4911,	40),
(38983,	32254,	69886,	20),
(42330,	39277,	25419,	80),
(92538,	90653,	44764,	4),
(99227,	99559,	4911,	12),
(38887,	32254,	51898,	30),
(60429,	57147,	51898,	23),
(54513,	51503,	44764,	30),
(60007,	56050,	63530,	12),
(71202,	66031,	4911,	12),
(46721,	43892,	61757,	80),
(65697,	60738,	51898,	11),
(16731,	14363,	69886,	20),
(52776,	50393,	51898,	21),
(65237,	59907,	69886,	4),
(34239,	28275,	44764,	30),
(1021,	270,	37472,	0),
(40403,	36228,	4911,	40),
(63384,	59640,	55235,	32),
(990,	270,	19274,	0),
(22875,	18330,	19274,	120),
(40797,	36228,	68233,	80),
(57422,	54055,	36911,	45),
(40160,	35583,	60691,	40),
(14028,	13523,	61757,	80),
(48360,	45785,	69855,	40),
(54904,	51906,	11319,	29),
(82635,	75773,	44764,	4),
(37478,	30755,	99326,	80),
(19133,	14777,	61757,	80),
(78282,	73355,	4911,	33),
(95704,	95822,	68233,	23),
(13632,	13391,	60691,	40),
(97360,	98095,	51898,	28),
(31353,	26243,	93294,	60),
(22946,	18330,	37472,	120),
(77346,	72944,	13910,	24),
(5979,	3768,	93294,	100),
(31235,	26243,	25419,	80),
(31141,	26243,	4911,	40),
(48720,	46205,	69855,	40),
(17328,	14372,	36420,	80),
(9476,	9761,	25419,	20),
(14583,	13762,	36420,	80),
(215,	72,	11319,	0),
(65284,	60412,	46441,	50),
(71945,	66414,	69886,	9),
(71182,	65903,	69855,	25),
(90298,	89033,	36911,	84),
(68500,	62669,	69855,	22),
(9549,	9761,	46441,	100),
(31813,	26253,	61757,	80),
(35682,	28614,	51898,	30),
(67306,	61703,	69855,	8),
(31532,	26253,	37472,	120),
(85363,	79803,	69886,	19),
(81848,	74932,	46441,	14),
(96933,	97708,	44764,	9),
(13832,	13523,	51898,	30),
(47321,	45386,	13910,	120),
(55898,	52184,	60691,	3),
(85520,	80659,	36911,	35),
(23342,	18690,	4911,	40),
(97450,	98095,	99326,	30),
(74148,	68709,	68233,	64),
(65997,	61506,	19274,	43),
(76695,	71525,	19274,	108),
(70607,	65900,	63530,	57),
(30091,	25732,	44764,	30),
(34053,	28275,	4911,	40),
(20710,	15719,	69855,	40),
(43609,	40226,	44764,	30),
(7114,	5611,	68233,	60),
(3542,	1842,	93294,	0),
(70675,	65900,	99326,	26),
(55642,	51906,	99326,	52),
(48656,	46205,	44764,	30),
(65551,	60738,	25419,	66),
(24612,	19076,	46441,	60),
(80642,	74553,	37472,	76),
(9975,	10011,	55235,	30),
(27411,	22196,	11319,	30),
(80797,	74553,	93294,	55),
(95628,	95822,	61757,	57),
(27539,	22196,	60691,	40),
(25871,	20504,	55235,	60),
(80565,	74553,	36911,	74),
(13637,	13391,	69886,	20),
(98952,	99113,	69855,	17),
(96869,	97708,	19274,	5),
(58651,	55007,	46441,	4),
(54811,	51503,	60691,	39),
(15433,	13944,	51898,	30),
(36159,	30128,	11319,	30),
(41988,	38852,	13910,	120),
(16144,	14246,	44764,	30),
(80115,	74413,	61757,	11),
(79778,	74160,	99326,	43),
(67711,	61885,	61757,	80),
(66166,	61506,	69855,	39),
(88675,	84304,	37472,	12),
(36901,	30721,	37472,	120),
(79049,	73961,	25419,	75),
(88180,	83194,	69886,	9),
(78448,	73355,	44764,	28),
(16775,	14366,	36420,	80),
(16035,	14246,	36420,	80),
(55029,	51906,	36911,	83),
(47449,	45386,	36911,	120),
(67782,	62626,	13910,	73),
(8005,	5828,	36911,	60),
(99659,	99559,	60691,	24),
(97211,	98095,	4911,	29),
(4119,	2319,	37472,	0),
(5145,	3395,	36420,	0),
(89260,	85039,	93294,	51),
(71087,	65903,	63530,	39),
(20351,	15719,	55235,	60),
(21900,	17295,	46441,	60),
(80215,	74413,	69855,	40),
(17322,	14372,	25419,	80),
(79604,	74160,	51898,	13),
(46287,	43892,	11319,	30),
(2523,	1434,	36911,	0),
(72455,	67640,	60691,	16),
(41671,	37704,	69855,	40),
(6172,	4509,	36420,	120),
(83569,	77119,	19274,	23),
(87429,	82704,	11319,	27),
(4295,	2729,	11319,	0),
(49574,	49307,	4911,	40),
(37797,	32121,	37472,	120),
(18737,	14777,	11319,	30),
(96279,	96117,	99326,	67),
(50210,	49652,	25419,	80),
(12567,	13122,	19274,	120),
(75942,	71121,	19274,	74),
(27467,	22196,	19274,	120),
(47601,	45386,	55235,	60),
(12464,	12539,	68233,	80),
(57482,	54055,	60691,	36),
(21895,	17295,	44764,	30),
(6154,	4509,	19274,	60),
(98709,	99113,	19274,	39),
(20253,	15719,	51898,	30),
(98639,	99113,	11319,	30),
(59273,	55107,	60691,	20),
(78081,	73193,	61757,	2),
(49421,	48984,	51898,	30),
(91882,	90500,	11319,	16),
(93424,	91557,	11319,	4),
(91642,	90106,	63530,	24),
(80927,	74558,	19274,	23),
(12541,	12539,	99326,	80),
(82897,	75773,	61757,	60),
(4468,	2729,	51898,	0),
(94864,	92776,	37472,	46),
(10698,	10084,	68233,	60),
(59530,	55635,	36420,	11),
(66448,	61647,	25419,	69),
(78890,	73418,	69855,	2),
(97102,	97990,	60691,	16),
(77916,	73095,	93294,	23),
(35920,	28614,	69855,	40),
(6099,	4509,	13910,	100),
(33568,	27232,	69886,	20),
(87999,	83194,	46441,	58),
(97359,	98095,	46441,	16),
(94634,	92776,	25419,	76),
(51643,	49789,	99326,	35),
(79289,	74160,	11319,	9),
(68615,	62764,	13910,	24),
(95430,	93514,	46441,	17),
(43833,	40226,	63530,	60),
(85742,	80659,	51898,	22),
(63963,	59853,	25419,	68),
(88754,	84304,	61757,	74),
(14995,	13762,	55235,	60),
(68304,	62669,	19274,	42),
(55277,	51906,	46441,	2),
(26466,	21212,	46441,	60),
(54128,	51503,	13910,	13),
(80841,	74558,	11319,	25),
(25934,	20504,	99326,	80),
(16774,	14366,	25419,	80),
(22065,	17295,	69886,	20),
(38934,	32254,	55235,	60),
(71829,	66414,	46441,	57),
(35914,	28614,	68233,	80),
(97107,	97990,	63530,	16),
(75138,	69871,	44764,	29),
(59575,	55635,	44764,	24),
(53243,	51385,	60691,	19),
(49237,	48984,	36420,	80),
(30976,	26133,	69855,	40),
(46720,	43892,	55235,	60),
(90667,	89033,	68233,	28),
(8934,	8285,	60691,	30),
(13228,	13380,	51898,	30),
(47849,	45785,	36911,	120),
(43231,	39782,	60691,	40),
(13466,	13391,	36420,	80),
(94240,	91744,	60691,	40),
(91222,	89507,	60691,	39),
(95247,	92776,	99326,	23),
(60754,	57147,	63530,	36),
(97129,	97990,	69855,	20),
(42223,	39277,	19274,	120),
(30615,	26133,	37472,	120),
(10215,	10011,	99326,	60),
(57209,	53315,	68233,	25),
(47082,	44188,	37472,	120),
(41359,	37704,	25419,	80),
(7413,	5720,	44764,	20),
(89452,	85242,	68233,	13),
(15684,	13944,	93294,	60),
(72341,	67640,	36911,	37),
(5598,	3768,	11319,	20),
(11573,	10776,	99326,	120),
(78664,	73418,	44764,	19),
(51856,	50081,	69886,	19),
(25954,	20534,	19274,	120),
(30978,	26133,	69886,	20),
(30388,	25732,	69855,	40),
(89181,	85039,	68233,	74),
(72902,	68141,	36911,	34),
(6903,	5275,	68233,	100),
(75318,	69871,	69855,	26),
(92234,	90500,	69886,	4),
(97570,	98128,	25419,	76),
(59309,	55107,	61757,	43),
(94472,	91744,	93294,	15),
(52619,	50393,	19274,	17),
(57613,	54055,	93294,	57),
(6338,	4509,	69855,	60),
(76231,	71121,	60691,	37),
(67701,	61885,	60691,	34),
(50140,	49652,	19274,	120),
(65431,	60412,	69886,	4),
(35632,	28614,	36420,	80),
(8451,	7671,	99326,	120),
(28719,	23678,	99326,	80),
(13032,	13380,	13910,	120),
(62971,	59326,	69855,	31),
(41293,	36322,	63530,	60),
(40716,	36228,	60691,	40),
(74467,	68908,	25419,	17),
(16170,	14246,	61757,	80),
(41092,	36322,	36911,	120),
(62980,	59326,	69886,	15),
(51504,	49789,	69855,	20),
(95981,	96117,	36911,	17),
(43638,	40226,	55235,	60),
(84666,	79555,	19274,	89),
(79996,	74413,	36911,	83),
(27878,	23278,	19274,	120),
(99547,	99559,	37472,	41),
(35288,	28299,	44764,	30),
(19866,	15719,	4911,	40),
(56984,	53315,	44764,	24),
(18693,	14658,	69886,	20),
(23967,	18983,	68233,	80),
(70289,	65817,	69886,	16),
(64516,	59853,	69855,	8),
(29329,	25184,	55235,	60),
(75388,	70325,	4911,	30),
(38144,	32172,	13910,	120),
(91679,	90106,	69855,	3),
(48671,	46205,	61757,	80),
(88843,	84653,	4911,	13),
(65449,	60412,	99326,	35),
(52822,	50393,	55235,	4),
(10086,	10011,	61757,	100),
(34019,	28250,	63530,	60),
(61198,	57650,	46441,	11),
(84549,	77211,	99326,	73),
(58473,	55007,	36911,	114),
(41375,	37704,	36420,	80),
(33819,	28250,	25419,	80),
(47252,	44188,	61757,	80),
(10166,	10011,	69855,	100),
(23042,	18330,	61757,	80),
(13384,	13391,	25419,	80),
(79439,	74160,	37472,	76),
(81490,	74558,	69886,	13),
(59626,	55635,	69855,	23),
(21463,	16259,	69886,	20),
(88589,	84304,	19274,	40),
(80093,	74413,	46441,	36),
(65260,	60412,	36420,	45),
(57155,	53315,	61757,	49),
(57301,	53315,	93294,	8),
(79537,	74160,	44764,	5),
(29589,	25238,	25419,	80),
(58951,	55007,	69886,	20),
(76356,	71121,	69886,	9),
(4431,	2729,	46441,	0),
(60825,	57147,	68233,	15),
(36891,	30721,	19274,	120),
(98374,	99104,	51898,	8),
(86378,	81751,	51898,	10),
(31479,	26253,	13910,	120),
(28727,	24663,	4911,	40),
(33996,	28250,	60691,	40),
(56521,	52500,	46441,	56),
(35608,	28614,	19274,	120),
(1756,	1194,	44764,	0),
(5491,	3395,	69855,	120),
(91578,	90106,	51898,	14),
(91584,	90106,	60691,	10),
(44707,	41293,	4911,	40),
(63258,	59326,	99326,	14),
(68332,	62669,	25419,	51),
(42019,	38852,	37472,	120),
(32072,	26289,	13910,	120),
(88107,	83194,	68233,	47),
(9787,	10011,	11319,	100),
(58876,	55007,	60691,	33),
(59603,	55635,	68233,	16),
(93201,	91104,	63530,	39),
(41982,	38852,	4911,	40),
(31112,	26133,	93294,	60),
(30036,	25732,	4911,	40),
(68998,	64383,	25419,	41),
(25293,	19448,	36911,	120),
(3570,	1842,	99326,	0),
(8925,	8285,	46441,	80),
(46332,	43892,	13910,	120),
(56946,	53315,	37472,	118),
(20202,	15719,	46441,	60),
(46726,	43892,	63530,	60),
(57830,	54300,	51898,	20),
(1288,	270,	93294,	0),
(13350,	13391,	19274,	120),
(22092,	17295,	93294,	60),
(48021,	45785,	44764,	30),
(78042,	73193,	36911,	47),
(50746,	49789,	4911,	40),
(72719,	67640,	93294,	57),
(92373,	90653,	36911,	52),
(54112,	51410,	69855,	19),
(50922,	49789,	37472,	6),
(94292,	91744,	63530,	56),
(15939,	14246,	25419,	80),
(66618,	61647,	93294,	32),
(45650,	41319,	11319,	30),
(41462,	37704,	37472,	120),
(79758,	74160,	93294,	51),
(16759,	14366,	19274,	120),
(46521,	43892,	44764,	30),
(88056,	83194,	61757,	42),
(15091,	13762,	99326,	80),
(4172,	2319,	61757,	0),
(88128,	83194,	69855,	34),
(79714,	74160,	69886,	8),
(73351,	68141,	69855,	34),
(54319,	51503,	36420,	18),
(36475,	30128,	60691,	40),
(65693,	60738,	44764,	28),
(49699,	49307,	36420,	80),
(37239,	30755,	51898,	30),
(85772,	80659,	68233,	1),
(85081,	79803,	55235,	45),
(60037,	56050,	93294,	12),
(85438,	80659,	4911,	4),
(16777,	14366,	36911,	120),
(12739,	13122,	60691,	40),
(4631,	2746,	19274,	0),
(89471,	85242,	69886,	3),
(9382,	8498,	68233,	20),
(9649,	9761,	69886,	40),
(66781,	61703,	11319,	18),
(88779,	84304,	93294,	45),
(57305,	54055,	11319,	29),
(26848,	21463,	46441,	60),
(73577,	68141,	99326,	72),
(34253,	28275,	51898,	30),
(88625,	84304,	36420,	59),
(47831,	45785,	19274,	120),
(18109,	14658,	36420,	80),
(48857,	47641,	36420,	80),
(56883,	53315,	13910,	95),
(37898,	32121,	60691,	40),
(43536,	40226,	25419,	80),
(35854,	28614,	63530,	60),
(78294,	73355,	11319,	10),
(46642,	43892,	46441,	60),
(24145,	18983,	93294,	60),
(81661,	74932,	36420,	47),
(53702,	51410,	25419,	27),
(85564,	80659,	37472,	13),
(93968,	91744,	37472,	115),
(33856,	28250,	36911,	120),
(32572,	26895,	51898,	30),
(9089,	8285,	69886,	120),
(54564,	51503,	46441,	11),
(73924,	68709,	4911,	18),
(81198,	74558,	63530,	3),
(78800,	73418,	61757,	64),
(32338,	26895,	4911,	40),
(43875,	40226,	68233,	80),
(77459,	72944,	19274,	71),
(43739,	40226,	60691,	40),
(41643,	37704,	60691,	40),
(74567,	68908,	36911,	38),
(78355,	73355,	25419,	51),
(32094,	26289,	55235,	60),
(23606,	18690,	25419,	80),
(85076,	79803,	44764,	14),
(35204,	28299,	37472,	120),
(94901,	92776,	44764,	28),
(42491,	39277,	36911,	120),
(16286,	14246,	93294,	60),
(36766,	30721,	13910,	120),
(28960,	24663,	93294,	60),
(4202,	2319,	99326,	0),
(34321,	28275,	60691,	40),
(1149,	270,	63530,	0),
(91307,	89507,	63530,	1),
(41509,	37704,	44764,	30),
(82729,	75773,	51898,	29),
(74906,	69871,	25419,	69),
(24796,	19076,	55235,	60),
(1601,	929,	60691,	0),
(72184,	67640,	36420,	56),
(82467,	75773,	36911,	21),
(6712,	5275,	37472,	100),
(1319,	929,	25419,	0),
(47033,	44188,	13910,	120),
(96044,	96117,	44764,	30),
(70979,	65903,	51898,	8),
(23955,	18983,	61757,	80),
(46787,	43892,	69855,	40),
(43484,	39782,	99326,	80),
(78182,	73193,	69855,	2),
(93045,	91104,	46441,	12),
(6402,	5135,	19274,	20),
(83411,	75984,	37472,	26),
(23574,	18690,	19274,	120),
(66422,	61647,	13910,	23),
(45972,	42052,	44764,	30),
(78616,	73418,	25419,	64),
(32272,	26289,	93294,	60),
(87608,	82704,	55235,	20),
(62564,	57947,	99326,	17),
(12249,	12539,	19274,	120),
(35578,	28614,	4911,	40),
(83568,	75984,	99326,	28),
(76588,	71525,	4911,	9),
(64889,	59907,	44764,	12),
(77821,	73095,	55235,	45),
(8770,	8285,	19274,	30),
(4942,	2746,	99326,	0),
(5658,	3768,	36420,	100),
(96980,	97708,	68233,	36),
(4187,	2319,	93294,	0),
(89158,	85039,	60691,	36),
(16344,	14363,	13910,	120),
(77627,	72944,	63530,	55),
(65035,	59907,	51898,	23),
(25775,	20504,	44764,	30),
(70157,	65817,	55235,	28),
(1301,	929,	13910,	0),
(92154,	90500,	51898,	23),
(42211,	39277,	13910,	120),
(12767,	13122,	63530,	60),
(9505,	9761,	36420,	20),
(95806,	96117,	4911,	6),
(58205,	55007,	11319,	2),
(77066,	72757,	46441,	27),
(21625,	16259,	99326,	80),
(78063,	73193,	46441,	39),
(58246,	55007,	13910,	11),
(24961,	19076,	69886,	20),
(17144,	14372,	11319,	30),
(3147,	1842,	61757,	0),
(32308,	26289,	99326,	80),
(42130,	38852,	99326,	80),
(72172,	67640,	25419,	39),
(73664,	68645,	25419,	70),
(87376,	82542,	99326,	29),
(91400,	89507,	69886,	11),
(5985,	4509,	4911,	100),
(24980,	19076,	93294,	60),
(14536,	13762,	25419,	80),
(2746,	1434,	69886,	0),
(31844,	26253,	68233,	80),
(86835,	81936,	25419,	50),
(78817,	73418,	68233,	37),
(35575,	28299,	69855,	40),
(36177,	30128,	13910,	120),
(12200,	10857,	93294,	60),
(71621,	66414,	36420,	14),
(19324,	14863,	13910,	120),
(71982,	66414,	93294,	3),
(55705,	52184,	37472,	98),
(39856,	35583,	25419,	80),
(80379,	74553,	4911,	6),
(86493,	81751,	55235,	6),
(17124,	14366,	69886,	20),
(46518,	43892,	37472,	120),
(82408,	75773,	36420,	52),
(53776,	51410,	44764,	17),
(2716,	1434,	68233,	0),
(99622,	99559,	46441,	57),
(40294,	35583,	69886,	20),
(80696,	74553,	68233,	60),
(14194,	13523,	99326,	80),
(49553,	48984,	68233,	80),
(23143,	18330,	93294,	60),
(57897,	54300,	63530,	20),
(77819,	73095,	36420,	35),
(34222,	28275,	36911,	120),
(11692,	10857,	11319,	60),
(9626,	9761,	55235,	100),
(48715,	46205,	63530,	60),
(78980,	73418,	99326,	62),
(16155,	14246,	51898,	30),
(74246,	68709,	99326,	15),
(59814,	56050,	51898,	27),
(8127,	5828,	60691,	80),
(63872,	59853,	19274,	101),
(16329,	14363,	4911,	40),
(73829,	68645,	60691,	38),
(8632,	8205,	68233,	100),
(59632,	55635,	69886,	10),
(999,	270,	36911,	0),
(28266,	23678,	36911,	120),
(11170,	10776,	36911,	40),
(18310,	14658,	44764,	30),
(77311,	72944,	11319,	17),
(85748,	80659,	60691,	34),
(88084,	83194,	63530,	51),
(54062,	51410,	61757,	49),
(51784,	50081,	55235,	34),
(7472,	5720,	55235,	20),
(35942,	28614,	69886,	20),
(42120,	38852,	69855,	40),
(5152,	3395,	36911,	0),
(37107,	30721,	63530,	60),
(69035,	64383,	46441,	22),
(93850,	91744,	13910,	25),
(92065,	90500,	13910,	76),
(12714,	13122,	36420,	80),
(82733,	75773,	60691,	7),
(93732,	91744,	11319,	9),
(88737,	84304,	55235,	7),
(99825,	99559,	68233,	70),
(60055,	57147,	4911,	21),
(24953,	19076,	69855,	40),
(58376,	55007,	36420,	47),
(10703,	10084,	93294,	30),
(11281,	10776,	51898,	60),
(16513,	14363,	37472,	120),
(40790,	36228,	61757,	80),
(12410,	12539,	46441,	60),
(60183,	57147,	13910,	8),
(2676,	1434,	60691,	0),
(89480,	87768,	4911,	7),
(33985,	28250,	55235,	60),
(38756,	32254,	36911,	120),
(41549,	37704,	46441,	60),
(89978,	89033,	4911,	12),
(48186,	45785,	51898,	30),
(65224,	59907,	69855,	13),
(61261,	57650,	55235,	55),
(91113,	89507,	19274,	84),
(36692,	30128,	69855,	40),
(35638,	28614,	36911,	120),
(92686,	90653,	69886,	16),
(23909,	18983,	51898,	30),
(82291,	74932,	99326,	67),
(7162,	5611,	99326,	30),
(63150,	59326,	93294,	29),
(67450,	61885,	37472,	53),
(97168,	97990,	69886,	16),
(47459,	45386,	37472,	120),
(15548,	13944,	63530,	60),
(23658,	18690,	60691,	40),
(43628,	40226,	51898,	30),
(76853,	72757,	4911,	6),
(42811,	39771,	4911,	40),
(2859,	1842,	51898,	0),
(1750,	1194,	37472,	0),
(81395,	74558,	68233,	29),
(42963,	39771,	37472,	120),
(4583,	2729,	63530,	0),
(59433,	55107,	93294,	21),
(33525,	27232,	63530,	60),
(91501,	90106,	36911,	63),
(56189,	52274,	36911,	67),
(27877,	22196,	99326,	80),
(68695,	62764,	25419,	71),
(56597,	52500,	55235,	25),
(2813,	1842,	13910,	0),
(15020,	13762,	63530,	60),
(29183,	25184,	25419,	80),
(62405,	57947,	61757,	61),
(77735,	73095,	4911,	36),
(61453,	57694,	19274,	86),
(19975,	15719,	44764,	30),
(60356,	57147,	36911,	89),
(32965,	27232,	4911,	40),
(35530,	28299,	68233,	80),
(33056,	27232,	25419,	80),
(51489,	49789,	61757,	79),
(70974,	65903,	46441,	41),
(84935,	79803,	11319,	9),
(11902,	10857,	68233,	80),
(77076,	72757,	51898,	17),
(8666,	8205,	93294,	30),
(61560,	57694,	46441,	24),
(79684,	74160,	63530,	36),
(30554,	26133,	13910,	120),
(73334,	68141,	68233,	4),
(63563,	59640,	61757,	70),
(61042,	57650,	36911,	103),
(82005,	74932,	68233,	45),
(75272,	69871,	63530,	12),
(65251,	60412,	19274,	10),
(60861,	57147,	93294,	30),
(58921,	55007,	61757,	78),
(71550,	66031,	93294,	54),
(65292,	60412,	55235,	28),
(46083,	42052,	68233,	80),
(10905,	10776,	19274,	60),
(54982,	51906,	36420,	51),
(41192,	36322,	51898,	30),
(67801,	62626,	19274,	106),
(67042,	61703,	55235,	41),
(26160,	20534,	51898,	30),
(97925,	99104,	4911,	34),
(13972,	13523,	55235,	60),
(39757,	35583,	19274,	120),
(97851,	98128,	99326,	71),
(21172,	16259,	36420,	80),
(12506,	12539,	69855,	40),
(52261,	50274,	63530,	19),
(52168,	50274,	44764,	23),
(84006,	77119,	93294,	51),
(89074,	85039,	51898,	20),
(81003,	74558,	46441,	18),
(50110,	49652,	13910,	120),
(57808,	54300,	46441,	39),
(11463,	10776,	68233,	120),
(8714,	8285,	13910,	80),
(71092,	65903,	68233,	18),
(13758,	13523,	4911,	40),
(95593,	95822,	51898,	17),
(98565,	99104,	93294,	44),
(92991,	91104,	19274,	95),
(48431,	46205,	4911,	40),
(88793,	84304,	99326,	40),
(77992,	73193,	4911,	35),
(68796,	62764,	61757,	17),
(40632,	36228,	55235,	60),
(6792,	5275,	60691,	60),
(77054,	72757,	44764,	14),
(79047,	73961,	13910,	63),
(44433,	40257,	99326,	80),
(61817,	57694,	93294,	46),
(39929,	35583,	36420,	80),
(22737,	17762,	55235,	60),
(61924,	57947,	25419,	33),
(23329,	18330,	99326,	80),
(56470,	52500,	36420,	27),
(49854,	49307,	51898,	30),
(35355,	28299,	60691,	40),
(22207,	17762,	19274,	120),
(59658,	56050,	36420,	60),
(98795,	99113,	44764,	7),
(90684,	89033,	93294,	56),
(37631,	32121,	36420,	80),
(38992,	32254,	93294,	60),
(4917,	2746,	93294,	0),
(86879,	81936,	36420,	20),
(49487,	48984,	63530,	60),
(90317,	89033,	44764,	11),
(22566,	17762,	44764,	30),
(52634,	50393,	36420,	38),
(8692,	8285,	11319,	40),
(59431,	55107,	63530,	57),
(14026,	13523,	60691,	40),
(73861,	68645,	68233,	40),
(2557,	1434,	37472,	0),
(78514,	73355,	55235,	11),
(1056,	270,	51898,	0),
(61077,	57650,	44764,	30),
(9024,	8285,	69855,	30),
(27776,	22196,	69855,	40),
(25574,	20504,	4911,	40),
(40800,	36228,	69855,	40),
(64171,	59853,	51898,	19),
(83086,	75984,	19274,	14),
(68838,	62764,	69855,	26),
(63359,	59640,	25419,	37),
(49672,	49307,	19274,	120),
(58865,	55007,	55235,	18),
(72747,	68141,	4911,	29),
(10702,	10084,	69855,	120),
(13274,	13380,	69855,	40),
(55676,	52184,	36420,	1),
(30570,	26133,	36420,	80),
(68781,	62764,	37472,	115),
(49726,	49307,	36911,	120),
(56468,	52500,	25419,	2),
(31628,	26253,	51898,	30),
(4310,	2729,	25419,	0),
(80408,	74553,	25419,	4),
(18255,	14658,	37472,	120),
(8422,	7671,	69855,	30),
(7005,	5611,	44764,	100),
(8555,	8205,	36911,	20),
(87034,	81936,	60691,	23),
(16980,	14366,	55235,	60),
(38579,	32172,	69886,	20),
(55333,	51906,	55235,	15),
(7960,	5828,	13910,	20),
(76342,	71121,	68233,	47),
(6304,	4509,	55235,	20),
(52961,	50393,	63530,	30),
(84881,	79803,	4911,	17),
(61820,	57947,	4911,	16),
(35783,	28614,	60691,	40),
(88399,	83194,	93294,	44),
(59700,	56050,	36911,	44),
(6731,	5275,	46441,	80),
(74771,	69871,	19274,	81),
(57646,	54055,	99326,	49),
(8158,	5828,	61757,	60),
(98950,	99113,	68233,	23),
(45420,	41293,	61757,	80),
(60417,	57147,	37472,	81),
(53145,	51385,	19274,	14),
(65441,	60412,	93294,	37),
(72976,	68141,	46441,	40),
(69165,	64383,	68233,	58),
(3880,	2319,	19274,	0),
(24120,	18983,	69855,	40),
(78600,	73418,	11319,	9),
(84051,	77211,	25419,	75),
(47105,	44188,	46441,	60),
(8933,	8285,	51898,	120),
(62862,	59326,	63530,	27),
(17377,	14372,	36911,	120),
(28790,	24663,	36911,	120),
(78538,	73355,	63530,	28),
(84426,	77211,	60691,	6),
(51743,	50081,	36420,	9),
(35389,	28299,	63530,	60),
(39276,	34242,	51898,	30),
(65998,	61506,	44764,	28),
(6965,	5275,	99326,	120),
(94853,	92776,	36420,	15),
(33229,	27232,	44764,	30),
(26503,	21212,	61757,	80),
(4837,	2746,	61757,	0),
(80348,	74413,	99326,	37),
(16914,	14366,	51898,	30),
(67127,	61703,	61757,	6),
(76057,	71121,	51898,	16),
(81026,	74558,	60691,	10),
(1690,	1194,	4911,	0),
(66474,	61647,	36911,	113),
(37160,	30755,	44764,	30),
(47255,	44188,	63530,	60),
(42865,	39771,	13910,	120),
(66150,	61506,	61757,	27),
(55668,	52184,	4911,	40),
(34351,	28275,	68233,	80),
(65880,	60738,	69855,	33),
(49451,	48984,	61757,	80),
(91439,	90106,	11319,	1),
(29223,	25184,	44764,	30),
(71535,	66031,	61757,	2),
(83060,	75984,	13910,	86),
(58491,	55007,	37472,	14),
(70573,	65900,	37472,	79),
(46234,	42052,	69886,	20),
(38834,	32254,	44764,	30),
(80409,	74553,	36420,	9),
(68874,	62764,	99326,	53),
(19015,	14777,	55235,	60),
(95200,	92776,	68233,	19),
(79085,	73961,	61757,	64),
(79974,	74413,	36420,	50),
(32516,	26895,	46441,	60),
(23635,	18690,	44764,	30),
(92737,	90653,	99326,	30),
(19966,	15719,	36911,	120),
(91178,	89507,	44764,	2),
(32882,	26895,	69855,	40),
(69998,	65817,	4911,	28),
(87776,	83194,	13910,	56),
(33756,	27232,	99326,	80),
(73587,	68645,	19274,	4),
(4089,	2319,	36911,	0),
(51685,	50081,	19274,	4),
(59506,	55635,	13910,	51),
(83404,	75984,	36911,	45),
(55951,	52184,	69855,	34),
(55935,	52184,	68233,	72),
(26760,	21463,	11319,	30),
(41357,	37704,	19274,	120),
(86170,	81751,	13910,	119),
(4685,	2746,	36911,	0),
(91046,	89033,	99326,	66),
(27593,	22196,	61757,	80),
(81625,	74932,	25419,	61),
(18084,	14658,	25419,	80),
(32924,	26895,	93294,	60),
(68495,	62669,	68233,	28),
(53267,	51385,	61757,	20),
(97981,	99104,	11319,	6),
(12388,	12539,	37472,	120),
(45896,	41319,	99326,	80),
(48325,	45785,	60691,	40),
(70583,	65900,	46441,	49),
(61538,	57694,	44764,	8),
(97785,	98128,	46441,	14),
(88870,	84653,	68233,	9),
(21490,	16259,	93294,	60),
(42489,	39277,	36420,	80),
(46010,	42052,	61757,	80),
(87246,	82542,	46441,	44),
(45523,	41293,	99326,	80),
(15762,	14246,	4911,	40),
(48339,	45785,	63530,	60),
(433,	72,	25419,	0),
(72509,	67640,	61757,	39),
(33514,	27232,	60691,	40),
(25804,	20504,	51898,	30),
(71579,	66414,	11319,	10),
(16698,	14363,	63530,	60),
(29274,	25184,	46441,	60),
(6394,	5135,	4911,	120),
(60050,	56050,	99326,	64),
(4842,	2746,	69886,	0),
(70783,	65903,	25419,	29),
(6260,	4509,	37472,	20),
(28500,	23678,	46441,	60),
(39219,	34242,	46441,	60),
(22404,	17762,	37472,	120),
(93317,	91104,	99326,	34),
(70243,	65817,	69855,	1),
(12762,	13122,	61757,	80),
(93935,	91744,	19274,	109),
(7355,	5720,	36911,	100),
(96996,	97990,	25419,	47),
(9435,	9761,	13910,	40),
(97791,	98128,	63530,	29),
(53715,	51410,	36420,	19),
(1641,	929,	93294,	0),
(11897,	10857,	60691,	40),
(49174,	48984,	11319,	30),
(7770,	5720,	69886,	100),
(75346,	69871,	69886,	2),
(85326,	79803,	69855,	4),
(35742,	28614,	55235,	60),
(15563,	13944,	69855,	40),
(69119,	64383,	61757,	11),
(39370,	34242,	60691,	40),
(75082,	69871,	37472,	107),
(96270,	96117,	69886,	8),
(82567,	75773,	37472,	73),
(78585,	73355,	69886,	5),
(44298,	40257,	36420,	80),
(59049,	55107,	46441,	23),
(32141,	26289,	68233,	80),
(50765,	49789,	11319,	30),
(71912,	66414,	60691,	2),
(17001,	14366,	63530,	60),
(46429,	43892,	25419,	80),
(56513,	52500,	36911,	112),
(97792,	98128,	93294,	23),
(74129,	68709,	61757,	15),
(22112,	17762,	4911,	40),
(39621,	35583,	13910,	120),
(810,	270,	4911,	0),
(45653,	41319,	25419,	80),
(42028,	38852,	46441,	60),
(21196,	16259,	37472,	120),
(95560,	95822,	44764,	17),
(59717,	56050,	44764,	13),
(52367,	50274,	68233,	20),
(30673,	26133,	44764,	30),
(1813,	1194,	51898,	0),
(56929,	53315,	36420,	11),
(12906,	13380,	4911,	40),
(71229,	66031,	19274,	65),
(26220,	20534,	60691,	40),
(94354,	91744,	69855,	21),
(61469,	57694,	25419,	57),
(92989,	91104,	13910,	86),
(66682,	61647,	99326,	57),
(10830,	10776,	11319,	40),
(47662,	45386,	68233,	80),
(52426,	50274,	69855,	27),
(69242,	64383,	93294,	35),
(66588,	61647,	69855,	13),
(41332,	36322,	99326,	80),
(98788,	99113,	36911,	21),
(62122,	57947,	36911,	88),
(48854,	47641,	25419,	80),
(7028,	5611,	60691,	100),
(83712,	77119,	61757,	18),
(9433,	8498,	93294,	40),
(51728,	50081,	25419,	74),
(48434,	46205,	11319,	30),
(27261,	21463,	93294,	60),
(9385,	8498,	69855,	120),
(18965,	14777,	44764,	30),
(580,	72,	55235,	0),
(29904,	25238,	46441,	60),
(27017,	21463,	51898,	30),
(2804,	1842,	4911,	0),
(50586,	49652,	55235,	60),
(69975,	64617,	55235,	58),
(76410,	71121,	93294,	34),
(87587,	82704,	44764,	27),
(8115,	5828,	55235,	80),
(22780,	18330,	4911,	40),
(22125,	17762,	11319,	30),
(64548,	59853,	69886,	6),
(18570,	14658,	63530,	60),
(85504,	80659,	19274,	68),
(14032,	13523,	69886,	20),
(25544,	19448,	93294,	60),
(49171,	47641,	99326,	80),
(5871,	3768,	69886,	60),
(15885,	14246,	19274,	120),
(23058,	18330,	69855,	40),
(17665,	14372,	61757,	80),
(92607,	90653,	51898,	4),
(24989,	19076,	99326,	80),
(22806,	18330,	13910,	120),
(26260,	20534,	63530,	60),
(69909,	64617,	37472,	95),
(48724,	46205,	69886,	20),
(51068,	49789,	44764,	30),
(78765,	73418,	55235,	32),
(77039,	72757,	37472,	90),
(10581,	10084,	51898,	60),
(13513,	13391,	46441,	60),
(73887,	68645,	69886,	9),
(13132,	13380,	36420,	80),
(59020,	55107,	44764,	23),
(89067,	85039,	46441,	47),
(3862,	2319,	4911,	0),
(73722,	68645,	36420,	42),
(22745,	17762,	93294,	60),
(13181,	13380,	44764,	30),
(39190,	34242,	37472,	120),
(27671,	22196,	68233,	80),
(79917,	74413,	19274,	61),
(72785,	68141,	11319,	10),
(90176,	89033,	19274,	39),
(81683,	74932,	36911,	60),
(89831,	87768,	60691,	40),
(66310,	61506,	93294,	38),
(22205,	17762,	13910,	120),
(83013,	75984,	11319,	27),
(71446,	66031,	60691,	16),
(59860,	56050,	55235,	4),
(74113,	68709,	51898,	29),
(90647,	89033,	63530,	1),
(70123,	65817,	51898,	13),
(2941,	1842,	60691,	0),
(29374,	25184,	60691,	40),
(68417,	62669,	44764,	23),
(49806,	49307,	44764,	30),
(38804,	32254,	37472,	120),
(52022,	50274,	36420,	18),
(47847,	45785,	36420,	80),
(85759,	80659,	63530,	9),
(26342,	21212,	11319,	30),
(89414,	85242,	61757,	66),
(34665,	28275,	69886,	20),
(55789,	52184,	44764,	17),
(21440,	16259,	61757,	80),
(76149,	71121,	55235,	36),
(2822,	1842,	19274,	0),
(53831,	51410,	60691,	27),
(4506,	2729,	55235,	0),
(52576,	50274,	93294,	17),
(73403,	68141,	69886,	5),
(7458,	5720,	46441,	80),
(53589,	51410,	4911,	17),
(86309,	81751,	36911,	116),
(57489,	54055,	61757,	37),
(81494,	74558,	93294,	5),
(64297,	59853,	55235,	21),
(46081,	42052,	63530,	60),
(32079,	26289,	46441,	60),
(96427,	96546,	51898,	3),
(96931,	97708,	36420,	37),
(45684,	41319,	68233,	80),
(28553,	23678,	69855,	40),
(1698,	1194,	13910,	0),
(77271,	72757,	99326,	38),
(53079,	50393,	69855,	25),
(78163,	73193,	68233,	4),
(45132,	41293,	36420,	80),
(28140,	23278,	68233,	80),
(17798,	14372,	69886,	20),
(89376,	85242,	60691,	28),
(65272,	60412,	37472,	34),
(52253,	50274,	60691,	39),
(1487,	929,	46441,	0),
(27149,	21463,	55235,	60),
(41300,	36322,	69886,	20),
(87844,	83194,	25419,	57),
(30119,	25732,	60691,	40),
(9757,	9761,	99326,	30),
(56870,	52500,	69855,	20),
(40020,	35583,	44764,	30),
(9891,	10011,	19274,	100),
(52726,	50393,	36911,	34),
(45451,	41293,	68233,	80),
(27643,	22196,	63530,	60),
(37326,	30755,	55235,	60),
(75177,	69871,	46441,	40),
(32501,	26895,	44764,	30),
(46738,	43892,	68233,	80),
(63746,	59853,	11319,	26),
(1026,	270,	46441,	0),
(70638,	65900,	69855,	30),
(11736,	10857,	19274,	40),
(26523,	21212,	69855,	40),
(94211,	91744,	44764,	2),
(5185,	3395,	37472,	0),
(68095,	62626,	46441,	58),
(24165,	18983,	99326,	80),
(36031,	28614,	93294,	60),
(3421,	1842,	69855,	0),
(91143,	89507,	25419,	13),
(15676,	13944,	69886,	20),
(48753,	46205,	99326,	80),
(54924,	51906,	13910,	13),
(17214,	14372,	19274,	120),
(376,	72,	19274,	0),
(92352,	90500,	99326,	76),
(21664,	17295,	11319,	30),
(59940,	56050,	61757,	61),
(92161,	90500,	55235,	60),
(25449,	19448,	61757,	80),
(79394,	74160,	13910,	34),
(44267,	40257,	19274,	120),
(53500,	51385,	69886,	10),
(80149,	74413,	63530,	58),
(28627,	23678,	93294,	60),
(2026,	1194,	61757,	0),
(6658,	5135,	69886,	60),
(67602,	61885,	51898,	18),
(14813,	13762,	37472,	120),
(38497,	32172,	63530,	60),
(8072,	5828,	44764,	80),
(10244,	10084,	4911,	100),
(62558,	57947,	93294,	28),
(77525,	72944,	37472,	46),
(4555,	2729,	61757,	0),
(71688,	66414,	44764,	17),
(95211,	92776,	69886,	5),
(19696,	14863,	99326,	80),
(45079,	41293,	25419,	80),
(82337,	75773,	13910,	106),
(36192,	30128,	19274,	120),
(17445,	14372,	51898,	30),
(74114,	68709,	60691,	37),
(83535,	75984,	60691,	2),
(78532,	73355,	61757,	8),
(28974,	24663,	99326,	80),
(41662,	37704,	68233,	80),
(59602,	55635,	55235,	42),
(15067,	13762,	69886,	20),
(72397,	67640,	55235,	21),
(56164,	52274,	36420,	65),
(49074,	47641,	61757,	80),
(72997,	68141,	60691,	31),
(30454,	25732,	93294,	60),
(84693,	79555,	36911,	74),
(97397,	98095,	60691,	13),
(96985,	97990,	4911,	9),
(19566,	14863,	51898,	30),
(29580,	25184,	99326,	80),
(98892,	99113,	46441,	10),
(55395,	51906,	63530,	24),
(8391,	7671,	36911,	40),
(25567,	19448,	99326,	80),
(88658,	84304,	36911,	24),
(65121,	59907,	55235,	4),
(9873,	10011,	13910,	80),
(84224,	77211,	46441,	28),
(28478,	23678,	37472,	120),
(92080,	90500,	46441,	32),
(19193,	14777,	93294,	60),
(18971,	14777,	46441,	60),
(59811,	56050,	46441,	12),
(52774,	50393,	46441,	31),
(4785,	2746,	46441,	0),
(35620,	28614,	25419,	80),
(49845,	49307,	46441,	60),
(79426,	74160,	36420,	37),
(57560,	54055,	68233,	54),
(76512,	71121,	99326,	78),
(8445,	7671,	93294,	30),
(87714,	83194,	11319,	5),
(27189,	21463,	61757,	80),
(22045,	17295,	69855,	40),
(63992,	59853,	36911,	103),
(31888,	26253,	69886,	20),
(77976,	73095,	99326,	40),
(28942,	24663,	60691,	40),
(89476,	85242,	93294,	11),
(77202,	72757,	63530,	12),
(19152,	14777,	69886,	20),
(6796,	5275,	61757,	60),
(50867,	49789,	19274,	120),
(7714,	5720,	63530,	80),
(17016,	14366,	69855,	40),
(584,	72,	60691,	0),
(6196,	4509,	36911,	100),
(30085,	25732,	37472,	120),
(48435,	46205,	19274,	120),
(61352,	57650,	68233,	44),
(10343,	10084,	36420,	40),
(93616,	91557,	69855,	10),
(26800,	21463,	37472,	120),
(73803,	68645,	46441,	37),
(51773,	50081,	51898,	24),
(74109,	68709,	46441,	36),
(66566,	61647,	63530,	43),
(53242,	51385,	51898,	28),
(6517,	5135,	25419,	40),
(26217,	20534,	55235,	60),
(80800,	74558,	4911,	35),
(84939,	79803,	19274,	11),
(12077,	10857,	69886,	20),
(67004,	61703,	46441,	51),
(72000,	67640,	4911,	22),
(75983,	71121,	46441,	40),
(42766,	39277,	99326,	80),
(58772,	55007,	51898,	7),
(85872,	80659,	93294,	7),
(50623,	49652,	61757,	80),
(69479,	64617,	4911,	23),
(47630,	45386,	63530,	60),
(46698,	43892,	51898,	30),
(51842,	50081,	63530,	14),
(70188,	65817,	63530,	51),
(12311,	12539,	36420,	80),
(25910,	20504,	69855,	40),
(44258,	40226,	99326,	80),
(26262,	20534,	69855,	40),
(84465,	77211,	61757,	21),
(86280,	81751,	36420,	70),
(40242,	35583,	63530,	60),
(36895,	30721,	36420,	80),
(88687,	84304,	46441,	57),
(55928,	52184,	63530,	53),
(81876,	74932,	55235,	58),
(50696,	49652,	69886,	20),
(42115,	38852,	61757,	80),
(21016,	16259,	19274,	120),
(56073,	52274,	25419,	2),
(7152,	5611,	93294,	120),
(74660,	68908,	99326,	54),
(75755,	70325,	63530,	24),
(23133,	18330,	69886,	20),
(4134,	2319,	60691,	0),
(45294,	41293,	36911,	120),
(64640,	59907,	19274,	94),
(36553,	30128,	61757,	80),
(46222,	42052,	69855,	40),
(69002,	64383,	36420,	5),
(87211,	81936,	93294,	55),
(46005,	42052,	60691,	40),
(62751,	59326,	13910,	25),
(51615,	49789,	93294,	38),
(48921,	47641,	37472,	120),
(84306,	77211,	55235,	59),
(4961,	3395,	4911,	0),
(95448,	95822,	4911,	12),
(47391,	45386,	36420,	80),
(10980,	10776,	25419,	100),
(53450,	51385,	69855,	3),
(85970,	80659,	99326,	79),
(70448,	65900,	36420,	37),
(83097,	75984,	25419,	47),
(40351,	35583,	99326,	80),
(6653,	5135,	55235,	30),
(64597,	59907,	11319,	27),
(30841,	26133,	60691,	40),
(5764,	3768,	46441,	80),
(57093,	53315,	55235,	1),
(68717,	62764,	36911,	109),
(99969,	99559,	93294,	33),
(81535,	74932,	13910,	19),
(16259,	14246,	68233,	80),
(51286,	49789,	60691,	9),
(57786,	54300,	37472,	54),
(99217,	99113,	99326,	23),
(74010,	68709,	11319,	28),
(25787,	20504,	46441,	60),
(8600,	8205,	46441,	80),
(45664,	41319,	37472,	120),
(69012,	64383,	36911,	100),
(50690,	49652,	69855,	40),
(6746,	5275,	55235,	40),
(12412,	12539,	51898,	30),
(31354,	26243,	99326,	80),
(7754,	5720,	69855,	30),
(98323,	99104,	37472,	45),
(99935,	99559,	69855,	25),
(54872,	51503,	99326,	54),
(72896,	68141,	25419,	70),
(66617,	61647,	69886,	18),
(88889,	84653,	93294,	58),
(68281,	62669,	13910,	104),
(34149,	28275,	13910,	120),
(40443,	36228,	19274,	120),
(67858,	62626,	25419,	65),
(56878,	53315,	4911,	35),
(19673,	14863,	69886,	20),
(23919,	18983,	60691,	40),
(33502,	27232,	51898,	30),
(20778,	15719,	99326,	80),
(50480,	49652,	51898,	30),
(31314,	26243,	60691,	40),
(16482,	14363,	36911,	120),
(84631,	79555,	13910,	103),
(86911,	81936,	51898,	27),
(67931,	62626,	36420,	30),
(45328,	41293,	44764,	30),
(95432,	93514,	68233,	45),
(40297,	35583,	93294,	60),
(59580,	55635,	51898,	27),
(72089,	67640,	19274,	72),
(26396,	21212,	37472,	120),
(25325,	19448,	37472,	120),
(86619,	81751,	93294,	54),
(38278,	32172,	36911,	120),
(24875,	19076,	60691,	40),
(37101,	30721,	60691,	40),
(36065,	28614,	99326,	80),
(86951,	81936,	55235,	32),
(34717,	28299,	4911,	40),
(76895,	72757,	11319,	18),
(85162,	79803,	61757,	59),
(97547,	98128,	11319,	19),
(15559,	13944,	68233,	80),
(91651,	90106,	68233,	3),
(70076,	65817,	11319,	8),
(5207,	3395,	44764,	0),
(9192,	8498,	13910,	30),
(49916,	49307,	63530,	60),
(68071,	62626,	37472,	88),
(32034,	26289,	4911,	40),
(38549,	32172,	69855,	40),
(66081,	61506,	51898,	29),
(45046,	41293,	13910,	120),
(77103,	72757,	61757,	50),
(96412,	96546,	37472,	79),
(87106,	81936,	69886,	16),
(7519,	5720,	60691,	100),
(8354,	7671,	25419,	40),
(79864,	74413,	4911,	4),
(71215,	66031,	13910,	71),
(2108,	1194,	99326,	0),
(28534,	23678,	60691,	40),
(46282,	43892,	4911,	40),
(53653,	51410,	11319,	17),
(17727,	14372,	68233,	80),
(19871,	15719,	11319,	30),
(19243,	14863,	4911,	40),
(78255,	73193,	69886,	2),
(37403,	30755,	93294,	60),
(1088,	270,	61757,	0),
(53775,	51410,	36911,	1),
(84139,	77211,	44764,	3),
(32966,	27232,	13910,	120),
(89328,	85242,	44764,	7),
(96741,	97708,	13910,	13),
(9367,	8498,	55235,	30),
(6059,	4509,	11319,	120),
(62357,	57947,	44764,	30),
(87654,	82704,	69855,	38),
(54773,	51503,	55235,	50),
(30916,	26133,	61757,	80),
(6366,	4509,	69886,	30),
(69091,	64383,	60691,	29),
(31455,	26253,	4911,	40),
(65371,	60412,	68233,	4),
(90060,	89033,	11319,	1),
(68278,	62669,	4911,	15),
(85630,	80659,	44764,	7),
(68213,	62626,	63530,	24),
(28729,	24663,	19274,	120),
(4678,	2746,	36420,	0),
(5040,	3395,	13910,	0),
(47795,	45785,	4911,	40),
(1170,	270,	69855,	0),
(21714,	17295,	13910,	120),
(52532,	50274,	69886,	8),
(21536,	7395,	4911,	40),
(28349,	7395,	11319,	30),
(28781,	7395,	13910,	120),
(28628,	7395,	19274,	120),
(30410,	7395,	25419,	80),
(82348,	7395,	36420,	80),
(96876,	7395,	36911,	120),
(67281,	7395,	37472,	120),
(6437,	7395,	44764,	30),
(19539,	7395,	46441,	60),
(99235,	7395,	51898,	30),
(17631,	7395,	55235,	60),
(546,	7395,	60691,	40),
(79230,	7395,	61757,	80),
(41913,	7395,	63530,	60),
(40245,	7395,	68233,	80),
(25739,	7395,	69855,	40),
(62223,	7395,	69886,	20),
(25595,	7395,	93294,	60),
(7330,	7395,	99326,	80),
(6050,	7395,	4911,	32),
(34288,	7395,	11319,	24),
(73111,	7395,	13910,	96),
(59015,	7395,	19274,	96),
(89046,	7395,	25419,	64),
(77899,	7395,	36420,	64),
(76135,	7395,	36911,	96),
(38874,	7395,	37472,	96),
(90399,	7395,	44764,	24),
(17997,	7395,	46441,	48),
(67567,	7395,	51898,	24),
(66511,	7395,	55235,	48),
(51875,	7395,	60691,	32),
(89559,	7395,	61757,	64),
(80174,	7395,	63530,	48),
(16338,	7395,	68233,	64),
(29469,	7395,	69855,	32),
(4640,	7395,	69886,	16),
(9022,	7395,	93294,	48),
(843,	7395,	99326,	64),
(5469,	8868,	4911,	24),
(44936,	8868,	11319,	18),
(381,	8868,	13910,	72),
(39241,	8868,	19274,	72),
(10022,	8868,	25419,	48),
(42493,	8868,	36420,	48),
(35960,	8868,	36911,	72),
(71874,	8868,	37472,	72),
(20701,	8868,	44764,	18),
(32664,	8868,	46441,	36),
(69161,	8868,	51898,	18),
(77581,	8868,	55235,	36),
(19762,	8868,	60691,	24),
(92023,	8868,	61757,	48),
(87051,	8868,	63530,	36),
(73986,	8868,	68233,	48),
(41950,	8868,	69855,	24),
(7315,	8868,	69886,	12),
(26590,	8868,	93294,	36),
(64719,	8868,	99326,	48),
(85905,	7644,	4911,	40),
(39057,	7644,	11319,	30),
(91825,	7644,	13910,	120),
(3728,	7644,	19274,	120),
(32874,	7644,	25419,	80),
(85097,	7644,	36420,	80),
(91784,	7644,	36911,	120),
(46080,	7644,	37472,	120),
(41974,	7644,	44764,	30),
(96129,	7644,	46441,	60),
(27724,	7644,	51898,	30),
(81788,	7644,	55235,	60),
(63950,	7644,	60691,	40),
(65550,	7644,	61757,	80),
(92583,	7644,	63530,	60),
(26221,	7644,	68233,	80),
(16818,	7644,	69855,	40),
(78063,	7644,	69886,	20),
(69038,	7644,	93294,	60),
(29899,	7644,	99326,	80),
(66582,	8096,	4911,	40),
(93365,	8096,	11319,	30),
(4410,	8096,	13910,	120),
(55377,	8096,	19274,	120),
(89031,	8096,	25419,	80),
(57120,	8096,	36420,	80),
(5801,	8096,	36911,	120),
(82100,	8096,	37472,	120),
(94042,	8096,	44764,	30),
(10504,	8096,	46441,	60),
(85802,	8096,	51898,	30),
(54904,	8096,	55235,	60),
(46780,	8096,	60691,	40),
(74115,	8096,	61757,	80),
(84519,	8096,	63530,	60),
(54416,	8096,	68233,	80),
(28310,	8096,	69855,	40),
(14123,	8096,	69886,	20),
(57525,	8096,	93294,	60),
(18713,	8096,	99326,	80),
(85441,	2042,	4911,	10),
(88243,	2042,	11319,	8),
(90925,	2042,	13910,	30),
(55677,	2042,	19274,	30),
(4669,	2042,	25419,	20),
(85467,	2042,	36420,	20),
(10767,	2042,	36911,	30),
(92169,	2042,	37472,	30),
(26515,	2042,	44764,	8),
(77629,	2042,	46441,	15),
(21917,	2042,	51898,	8),
(34305,	2042,	55235,	15),
(47909,	2042,	60691,	10),
(31177,	2042,	61757,	20),
(23398,	2042,	63530,	15),
(60644,	2042,	68233,	20),
(72299,	2042,	69855,	10),
(82909,	2042,	69886,	5),
(23016,	2042,	93294,	15),
(34341,	2042,	99326,	20),
(11124,	2042,	4911,	4),
(21465,	2042,	11319,	3),
(92620,	2042,	13910,	12),
(39874,	2042,	19274,	12),
(50445,	2042,	25419,	8),
(25464,	2042,	36420,	8),
(77754,	2042,	36911,	12),
(66874,	2042,	37472,	12),
(94758,	2042,	44764,	3),
(47161,	2042,	46441,	6),
(55843,	2042,	51898,	3),
(39170,	2042,	55235,	6),
(45542,	2042,	60691,	4),
(77636,	2042,	61757,	8),
(18326,	2042,	63530,	6),
(90577,	2042,	68233,	8),
(7546,	2042,	69855,	4),
(25829,	2042,	69886,	2),
(21292,	2042,	93294,	6),
(47307,	2042,	99326,	8),
(26578,	5174,	4911,	12),
(30446,	5174,	11319,	9),
(11682,	5174,	13910,	36),
(34596,	5174,	19274,	36),
(43105,	5174,	25419,	24),
(75159,	5174,	36420,	24),
(26852,	5174,	36911,	36),
(34696,	5174,	37472,	36),
(84254,	5174,	44764,	9),
(76575,	5174,	46441,	18),
(91176,	5174,	51898,	9),
(19736,	5174,	55235,	18),
(85334,	5174,	60691,	12),
(67462,	5174,	61757,	24),
(6064,	5174,	63530,	18),
(68223,	5174,	68233,	24),
(47459,	5174,	69855,	12),
(60016,	5174,	69886,	6),
(70281,	5174,	93294,	18),
(33035,	5174,	99326,	24),
(85515,	5174,	4911,	28),
(72797,	5174,	11319,	21),
(77673,	5174,	13910,	84),
(55705,	5174,	19274,	84),
(51576,	5174,	25419,	56),
(10532,	5174,	36420,	56),
(3188,	5174,	36911,	84),
(26708,	5174,	37472,	84),
(57953,	5174,	44764,	21),
(70501,	5174,	46441,	42),
(57580,	5174,	51898,	21),
(35052,	5174,	55235,	42),
(17910,	5174,	60691,	28),
(85286,	5174,	61757,	56),
(66193,	5174,	63530,	42),
(17554,	5174,	68233,	56),
(70054,	5174,	69855,	28),
(16,	5174,	69886,	14),
(14240,	5174,	93294,	42),
(45938,	5174,	99326,	56),
(5386,	5174,	4911,	40),
(98150,	5174,	11319,	30),
(156,	5174,	13910,	120),
(59019,	5174,	19274,	120),
(33457,	5174,	25419,	80),
(82290,	5174,	36420,	80),
(90826,	5174,	36911,	120),
(84069,	5174,	37472,	120),
(57215,	5174,	44764,	30),
(69027,	5174,	46441,	60),
(73336,	5174,	51898,	30),
(6830,	5174,	55235,	60),
(12006,	5174,	60691,	40),
(49496,	5174,	61757,	80),
(1306,	5174,	63530,	60),
(7569,	5174,	68233,	80),
(76,	5174,	69855,	40),
(87559,	5174,	69886,	20),
(54454,	5174,	93294,	60),
(18290,	5174,	99326,	80),
(33935,	4087,	4911,	40),
(25509,	4087,	11319,	30),
(75582,	4087,	13910,	120),
(76176,	4087,	19274,	120),
(3503,	4087,	25419,	80),
(43232,	4087,	36420,	80),
(37148,	4087,	36911,	120),
(90023,	4087,	37472,	120),
(36514,	4087,	44764,	30),
(84693,	4087,	46441,	60),
(89759,	4087,	51898,	30),
(28934,	4087,	55235,	60),
(84661,	4087,	60691,	40),
(90870,	4087,	61757,	80),
(70163,	4087,	63530,	60),
(33659,	4087,	68233,	80),
(4924,	4087,	69855,	40),
(93877,	4087,	69886,	20),
(61258,	4087,	93294,	60),
(53807,	4087,	99326,	80),
(47971,	4087,	4911,	16),
(69787,	4087,	11319,	12),
(34848,	4087,	13910,	48),
(66839,	4087,	19274,	48),
(92191,	4087,	25419,	32),
(42322,	4087,	36420,	32),
(89780,	4087,	36911,	48),
(39284,	4087,	37472,	48),
(95,	4087,	44764,	12),
(58033,	4087,	46441,	24),
(85259,	4087,	51898,	12),
(67333,	4087,	55235,	24),
(57354,	4087,	60691,	16),
(31292,	4087,	61757,	32),
(82823,	4087,	63530,	24),
(912,	4087,	68233,	32),
(5294,	4087,	69855,	16),
(45680,	4087,	69886,	8),
(83853,	4087,	93294,	24),
(93503,	4087,	99326,	32);

DROP TABLE IF EXISTS `TRIANGLES`;
CREATE TABLE `TRIANGLES` (
  `A` int NOT NULL,
  `B` int NOT NULL,
  `C` int NOT NULL
) ENGINE=InnoDB DEFAULT CHARSET=latin1;

INSERT INTO `TRIANGLES` (`A`, `B`, `C`) VALUES
(10,	10,	10),
(11,	11,	11),
(30,	32,	30),
(40,	40,	40),
(20,	20,	21),
(21,	21,	21),
(20,	22,	21),
(20,	20,	40),
(20,	22,	21),
(30,	32,	41),
(50,	22,	51),
(20,	12,	61),
(20,	22,	50),
(50,	52,	51),
(80,	80,	80);

DROP TABLE IF EXISTS `Wands`;
CREATE TABLE `Wands` (
  `id` int NOT NULL,
  `code` int NOT NULL,
  `coins_needed` int NOT NULL,
  `power` int NOT NULL
) ENGINE=InnoDB DEFAULT CHARSET=latin1;

INSERT INTO `Wands` (`id`, `code`, `coins_needed`, `power`) VALUES
(1,	33,	6698,	6),
(2,	119,	5957,	2),
(3,	35,	4835,	7),
(4,	126,	7017,	3),
(5,	125,	8042,	5),
(6,	77,	5672,	8),
(7,	81,	7600,	3),
(8,	127,	4303,	9),
(9,	108,	7345,	10),
(10,	53,	1771,	1),
(11,	127,	2060,	7),
(12,	36,	5592,	3),
(13,	118,	1784,	9),
(14,	24,	870,	5),
(15,	79,	1099,	2),
(16,	100,	5469,	9),
(17,	108,	4231,	7),
(18,	19,	6424,	5),
(19,	51,	8209,	7),
(20,	145,	7976,	7),
(21,	106,	4575,	9),
(22,	51,	8691,	3),
(23,	96,	4654,	6),
(24,	13,	3198,	5),
(25,	112,	6500,	4),
(26,	120,	2720,	3),
(27,	14,	3314,	9),
(28,	43,	6900,	5),
(29,	77,	7825,	7),
(30,	3,	6296,	8),
(31,	63,	7414,	8),
(32,	120,	6694,	10),
(33,	8,	2427,	10),
(34,	14,	4162,	2),
(35,	69,	1867,	8),
(36,	20,	7477,	6),
(37,	56,	2519,	3),
(38,	147,	2750,	2),
(39,	57,	8061,	8),
(40,	89,	619,	8),
(41,	147,	3049,	6),
(42,	56,	5708,	7),
(43,	3,	8020,	10),
(44,	8,	8082,	8),
(45,	57,	7677,	8),
(46,	26,	764,	7),
(47,	19,	3614,	7),
(48,	64,	3458,	6),
(49,	112,	4061,	3),
(50,	16,	4787,	4),
(51,	18,	5107,	10),
(52,	51,	4654,	7),
(53,	52,	8580,	10),
(54,	68,	1507,	9),
(55,	55,	3777,	6),
(56,	144,	1509,	4),
(57,	133,	8093,	10),
(58,	43,	2933,	4),
(59,	125,	2882,	9),
(60,	104,	1379,	7),
(61,	127,	1861,	7),
(62,	108,	4445,	1),
(63,	40,	7761,	7),
(64,	60,	7744,	10),
(65,	26,	9075,	4),
(66,	140,	4756,	9),
(67,	82,	2693,	9),
(68,	69,	7675,	5),
(69,	26,	2682,	10),
(70,	53,	9359,	2),
(71,	136,	2245,	8),
(72,	6,	6381,	6),
(73,	30,	2495,	3),
(74,	135,	9318,	10),
(75,	146,	5753,	7),
(76,	21,	4527,	9),
(77,	68,	6818,	8),
(78,	56,	8086,	6),
(79,	3,	1982,	5),
(80,	125,	5215,	6),
(81,	103,	6908,	7),
(82,	62,	3601,	3),
(83,	33,	8657,	1),
(84,	70,	5334,	2),
(85,	128,	5104,	7),
(86,	131,	3064,	2),
(87,	52,	8025,	10),
(88,	53,	3221,	9),
(89,	122,	899,	1),
(90,	34,	4654,	5),
(91,	112,	2680,	3),
(92,	50,	8220,	2),
(93,	119,	9882,	5),
(94,	21,	4943,	2),
(95,	134,	1532,	9),
(96,	127,	8489,	3),
(97,	128,	2076,	6),
(98,	91,	6969,	1),
(99,	115,	2883,	10),
(100,	12,	9341,	7),
(101,	105,	3200,	9),
(102,	71,	725,	5),
(103,	94,	1418,	3),
(104,	37,	1523,	1),
(105,	10,	2091,	2),
(106,	136,	6646,	6),
(107,	56,	1742,	4),
(108,	92,	8893,	5),
(109,	24,	6981,	5),
(110,	18,	5558,	9),
(111,	60,	7125,	9),
(112,	96,	819,	1),
(113,	45,	7218,	1),
(114,	123,	7915,	10),
(115,	22,	6751,	4),
(116,	81,	9899,	4),
(117,	64,	7855,	3),
(118,	93,	6046,	7),
(119,	126,	2478,	8),
(120,	15,	2907,	3),
(121,	18,	8258,	2),
(122,	42,	2180,	7),
(123,	140,	5931,	3),
(124,	120,	4521,	4),
(125,	138,	8825,	7),
(126,	149,	8466,	4),
(127,	15,	2734,	8),
(128,	19,	3426,	7),
(129,	28,	4909,	3),
(130,	59,	5170,	3),
(131,	104,	4539,	2),
(132,	81,	8431,	4),
(133,	94,	614,	2),
(134,	99,	4438,	3),
(135,	66,	7135,	3),
(136,	91,	5299,	4),
(137,	146,	6369,	1),
(138,	47,	8345,	6),
(139,	68,	5422,	6),
(140,	145,	1076,	7),
(141,	78,	8752,	2),
(142,	110,	8318,	5),
(143,	31,	9100,	9),
(144,	25,	695,	4),
(145,	130,	4695,	2),
(146,	147,	5967,	1),
(147,	66,	2255,	3),
(148,	116,	6501,	2),
(149,	63,	3283,	7),
(150,	61,	8949,	4),
(151,	8,	4910,	10),
(152,	99,	602,	3),
(153,	18,	3961,	1),
(154,	19,	5893,	5),
(155,	45,	2753,	8),
(156,	77,	9578,	7),
(157,	89,	5677,	9),
(158,	4,	1767,	4),
(159,	33,	1899,	3),
(160,	97,	9030,	10),
(161,	5,	6742,	8),
(162,	66,	4929,	9),
(163,	117,	4345,	5),
(164,	47,	3570,	5),
(165,	66,	848,	1),
(166,	24,	2782,	6),
(167,	74,	3144,	2),
(168,	14,	7150,	9),
(169,	2,	7922,	8),
(170,	114,	7529,	3),
(171,	58,	9843,	8),
(172,	45,	2550,	1),
(173,	135,	7189,	6),
(174,	28,	885,	9),
(175,	96,	2104,	7),
(176,	144,	8916,	1),
(177,	80,	9516,	3),
(178,	118,	8558,	10),
(179,	31,	1928,	6),
(180,	139,	615,	9),
(181,	73,	9655,	10),
(182,	98,	8198,	7),
(183,	101,	8582,	3),
(184,	77,	7228,	9),
(185,	97,	618,	10),
(186,	15,	5740,	2),
(187,	109,	5943,	4),
(188,	17,	6787,	9),
(189,	141,	5486,	9),
(190,	95,	7415,	1),
(191,	67,	4178,	3),
(192,	102,	9708,	2),
(193,	17,	5459,	6),
(194,	48,	6651,	2),
(195,	139,	7093,	1),
(196,	92,	1124,	6),
(197,	70,	2928,	3),
(198,	46,	4913,	6),
(199,	6,	3197,	5),
(200,	47,	992,	7),
(201,	42,	4174,	9),
(202,	1,	2302,	8),
(203,	141,	8444,	4),
(204,	48,	2190,	8),
(205,	58,	3283,	8),
(206,	125,	8796,	7),
(207,	71,	4125,	4),
(208,	124,	6841,	1),
(209,	82,	543,	8),
(210,	126,	2725,	2),
(211,	26,	5366,	1),
(212,	120,	7343,	5),
(213,	89,	7396,	1),
(214,	15,	7788,	2),
(215,	141,	901,	3),
(216,	139,	6055,	2),
(217,	88,	8993,	5),
(218,	71,	836,	5),
(219,	59,	4602,	10),
(220,	64,	9067,	1),
(221,	52,	9193,	2),
(222,	119,	2247,	7),
(223,	86,	8068,	1),
(224,	4,	1788,	10),
(225,	18,	8004,	7),
(226,	119,	7633,	9),
(227,	62,	1543,	4),
(228,	20,	5901,	5),
(229,	64,	4233,	7),
(230,	127,	519,	10),
(231,	96,	8534,	6),
(232,	36,	5661,	8),
(233,	69,	6635,	2),
(234,	148,	2366,	5),
(235,	20,	4357,	7),
(236,	118,	6497,	6),
(237,	128,	5109,	1),
(238,	37,	2016,	10),
(239,	65,	4732,	8),
(240,	4,	5687,	6),
(241,	8,	7875,	10),
(242,	73,	6529,	2),
(243,	117,	9781,	10),
(244,	67,	3286,	1),
(245,	114,	6872,	2),
(246,	39,	828,	8),
(247,	125,	5260,	7),
(248,	17,	4153,	4),
(249,	50,	3937,	1),
(250,	137,	4639,	4),
(251,	55,	9607,	1),
(252,	20,	5845,	1),
(253,	86,	3917,	7),
(254,	61,	838,	2),
(255,	59,	630,	5),
(256,	68,	6527,	5),
(257,	72,	7217,	6),
(258,	104,	4351,	8),
(259,	123,	2190,	4),
(260,	46,	5182,	9),
(261,	72,	9720,	7),
(262,	98,	4244,	2),
(263,	126,	7591,	8),
(264,	83,	4813,	8),
(265,	148,	6018,	5),
(266,	54,	2106,	10),
(267,	37,	745,	7),
(268,	126,	4561,	7),
(269,	128,	519,	2),
(270,	9,	2284,	2),
(271,	76,	8239,	4),
(272,	148,	1635,	3),
(273,	111,	1287,	3),
(274,	5,	4999,	2),
(275,	82,	9573,	6),
(276,	25,	3669,	2),
(277,	148,	2097,	9),
(278,	65,	9600,	7),
(279,	12,	5727,	1),
(280,	140,	9458,	4),
(281,	143,	5158,	3),
(282,	23,	4591,	1),
(283,	30,	5822,	5),
(284,	101,	9492,	4),
(285,	91,	6321,	5),
(286,	12,	3210,	1),
(287,	64,	986,	4),
(288,	18,	6100,	8),
(289,	81,	8353,	8),
(290,	43,	2579,	1),
(291,	49,	3457,	4),
(292,	63,	5095,	10),
(293,	128,	5860,	6),
(294,	65,	7705,	8),
(295,	143,	8305,	4),
(296,	72,	6021,	3),
(297,	118,	7553,	5),
(298,	47,	7912,	2),
(299,	6,	1255,	2),
(300,	47,	3742,	10),
(301,	145,	4074,	10),
(302,	53,	531,	3),
(303,	51,	5331,	7),
(304,	16,	9195,	2),
(305,	39,	1050,	9),
(306,	79,	7260,	5),
(307,	34,	8172,	5),
(308,	99,	4551,	4),
(309,	29,	2754,	9),
(310,	135,	6601,	2),
(311,	130,	6740,	7),
(312,	55,	2889,	4),
(313,	79,	8846,	3),
(314,	75,	833,	6),
(315,	135,	9071,	8),
(316,	25,	7329,	6),
(317,	98,	7513,	9),
(318,	36,	8763,	3),
(319,	136,	8013,	7),
(320,	12,	9934,	7),
(321,	108,	1382,	6),
(322,	17,	6884,	2),
(323,	109,	4263,	6),
(324,	13,	6659,	6),
(325,	77,	5046,	7),
(326,	66,	4629,	3),
(327,	93,	9792,	10),
(328,	97,	3574,	3),
(329,	84,	8597,	6),
(330,	131,	9559,	6),
(331,	68,	4435,	1),
(332,	68,	5400,	1),
(333,	2,	926,	10),
(334,	84,	3236,	2),
(335,	147,	6014,	5),
(336,	131,	9985,	4),
(337,	125,	9426,	1),
(338,	73,	712,	6),
(339,	6,	822,	6),
(340,	56,	5417,	8),
(341,	27,	7105,	1),
(342,	122,	7425,	8),
(343,	105,	4658,	9),
(344,	51,	5138,	2),
(345,	122,	6340,	1),
(346,	17,	1909,	10),
(347,	127,	7322,	6),
(348,	133,	7722,	5),
(349,	143,	8139,	4),
(350,	89,	3902,	5),
(351,	96,	856,	7),
(352,	16,	5399,	4),
(353,	10,	3224,	7),
(354,	125,	2729,	9),
(355,	21,	662,	8),
(356,	59,	8740,	5),
(357,	97,	3009,	8),
(358,	81,	1980,	1),
(359,	136,	5045,	5),
(360,	90,	1693,	5),
(361,	119,	3546,	1),
(362,	46,	7263,	3),
(363,	94,	4477,	10),
(364,	21,	2670,	4),
(365,	42,	4144,	10),
(366,	143,	4971,	9),
(367,	22,	8763,	9),
(368,	100,	7195,	9),
(369,	70,	4251,	5),
(370,	41,	978,	3),
(371,	83,	3436,	2),
(372,	51,	9933,	7),
(373,	83,	8547,	9),
(374,	138,	7603,	6),
(375,	142,	6960,	8),
(376,	86,	2065,	9),
(377,	73,	2996,	6),
(378,	78,	9735,	7),
(379,	7,	4723,	7),
(380,	89,	3364,	7),
(381,	68,	5526,	5),
(382,	80,	6539,	5),
(383,	85,	918,	10),
(384,	135,	1736,	8),
(385,	149,	5929,	1),
(386,	68,	5105,	9),
(387,	97,	7171,	7),
(388,	43,	7887,	3),
(389,	41,	3863,	4),
(390,	93,	602,	2),
(391,	115,	4475,	2),
(392,	62,	7973,	2),
(393,	8,	8558,	1),
(394,	102,	2047,	5),
(395,	50,	6577,	5),
(396,	84,	4920,	5),
(397,	123,	8109,	8),
(398,	82,	1990,	7),
(399,	136,	9633,	10),
(400,	81,	3261,	4),
(401,	3,	653,	2),
(402,	106,	6648,	5),
(403,	80,	5478,	6),
(404,	61,	9832,	9),
(405,	80,	1187,	10),
(406,	23,	1468,	6),
(407,	110,	3213,	4),
(408,	90,	4538,	9),
(409,	67,	7957,	5),
(410,	9,	5855,	10),
(411,	88,	7831,	2),
(412,	121,	5625,	10),
(413,	51,	3163,	5),
(414,	60,	8385,	2),
(415,	14,	526,	8),
(416,	24,	7726,	9),
(417,	115,	934,	4),
(418,	5,	6755,	5),
(419,	140,	6711,	1),
(420,	40,	1197,	8),
(421,	120,	4392,	10),
(422,	26,	7683,	3),
(423,	85,	6218,	8),
(424,	22,	997,	10),
(425,	124,	7930,	7),
(426,	144,	9950,	10),
(427,	103,	5574,	8),
(428,	70,	709,	5),
(429,	111,	4048,	10),
(430,	150,	9233,	8),
(431,	117,	2119,	4),
(432,	59,	510,	4),
(433,	23,	4999,	7),
(434,	138,	5967,	1),
(435,	57,	1898,	6),
(436,	62,	745,	8),
(437,	4,	6991,	4),
(438,	25,	6219,	3),
(439,	78,	5237,	4),
(440,	125,	1534,	7),
(441,	57,	2508,	10),
(442,	76,	6920,	8),
(443,	70,	3603,	3),
(444,	68,	6119,	7),
(445,	126,	9946,	2),
(446,	143,	1776,	7),
(447,	136,	4329,	10),
(448,	122,	7109,	3),
(449,	131,	6579,	10),
(450,	74,	4686,	1),
(451,	53,	1581,	9),
(452,	107,	2760,	9),
(453,	90,	3524,	3),
(454,	127,	8691,	9),
(455,	73,	2759,	10),
(456,	68,	8541,	7),
(457,	56,	6612,	1),
(458,	57,	9740,	9),
(459,	54,	4933,	2),
(460,	33,	6564,	3),
(461,	62,	6003,	9),
(462,	137,	7313,	3),
(463,	9,	4022,	2),
(464,	93,	1153,	4),
(465,	62,	1424,	3),
(466,	149,	5958,	10),
(467,	22,	5020,	1),
(468,	17,	3038,	8),
(469,	127,	5851,	8),
(470,	135,	1794,	10),
(471,	78,	704,	8),
(472,	70,	2022,	9),
(473,	27,	4569,	5),
(474,	99,	7886,	5),
(475,	99,	7184,	2),
(476,	60,	6650,	6),
(477,	14,	8075,	2),
(478,	47,	2404,	10),
(479,	81,	9854,	10),
(480,	119,	8358,	10),
(481,	70,	3754,	3),
(482,	119,	6072,	4),
(483,	44,	8855,	10),
(484,	5,	2551,	6),
(485,	127,	4414,	6),
(486,	29,	6605,	5),
(487,	99,	1722,	2),
(488,	132,	9368,	1),
(489,	131,	754,	5),
(490,	138,	2813,	1),
(491,	129,	842,	8),
(492,	148,	7926,	7),
(493,	79,	6535,	1),
(494,	74,	5869,	9),
(495,	81,	5305,	7),
(496,	50,	9167,	2),
(497,	124,	3767,	3),
(498,	61,	3069,	9),
(499,	104,	9196,	5),
(500,	122,	9607,	1),
(501,	120,	4379,	9),
(502,	8,	5478,	7),
(503,	118,	6533,	5),
(504,	86,	4332,	9),
(505,	130,	9534,	7),
(506,	14,	2773,	1),
(507,	66,	9837,	9),
(508,	130,	9241,	1),
(509,	135,	4000,	3),
(510,	57,	6557,	2),
(511,	115,	810,	7),
(512,	25,	1691,	9),
(513,	23,	1436,	10),
(514,	118,	3786,	5),
(515,	43,	4747,	5),
(516,	27,	1906,	6),
(517,	42,	604,	1),
(518,	40,	5453,	6),
(519,	77,	6652,	9),
(520,	33,	2584,	9),
(521,	24,	9825,	1),
(522,	57,	6095,	4),
(523,	105,	7208,	7),
(524,	4,	6102,	9),
(525,	27,	3247,	10),
(526,	63,	5456,	10),
(527,	107,	8699,	9),
(528,	12,	5906,	3),
(529,	44,	7509,	2),
(530,	119,	2575,	2),
(531,	55,	520,	10),
(532,	139,	641,	5),
(533,	14,	3513,	1),
(534,	135,	4957,	10),
(535,	30,	4739,	4),
(536,	43,	989,	9),
(537,	31,	5336,	5),
(538,	98,	1715,	4),
(539,	147,	2788,	5),
(540,	129,	952,	3),
(541,	65,	1738,	1),
(542,	44,	717,	7),
(543,	28,	4130,	9),
(544,	54,	3649,	10),
(545,	3,	9522,	3),
(546,	24,	2060,	7),
(547,	148,	9526,	5),
(548,	91,	3690,	3),
(549,	130,	4835,	8),
(550,	24,	6349,	6),
(551,	46,	3185,	2),
(552,	143,	1271,	9),
(553,	146,	5697,	4),
(554,	80,	2123,	6),
(555,	95,	5306,	5),
(556,	30,	2299,	1),
(557,	97,	576,	5),
(558,	63,	698,	2),
(559,	132,	6031,	10),
(560,	125,	3768,	3),
(561,	63,	2349,	4),
(562,	27,	2402,	5),
(563,	79,	7028,	1),
(564,	13,	4073,	10),
(565,	115,	8821,	3),
(566,	139,	6074,	2),
(567,	47,	549,	5),
(568,	33,	9241,	1),
(569,	44,	2476,	8),
(570,	145,	2785,	2),
(571,	105,	8962,	2),
(572,	128,	2661,	8),
(573,	16,	5759,	10),
(574,	77,	7369,	6),
(575,	5,	7493,	10),
(576,	41,	2886,	10),
(577,	13,	5754,	10),
(578,	41,	7665,	6),
(579,	117,	2951,	10),
(580,	36,	3310,	3),
(581,	54,	3584,	5),
(582,	82,	615,	9),
(583,	43,	520,	5),
(584,	116,	6585,	3),
(585,	67,	8631,	4),
(586,	25,	9052,	5),
(587,	123,	3628,	8),
(588,	41,	1570,	3),
(589,	27,	3044,	3),
(590,	78,	1576,	7),
(591,	3,	8863,	2),
(592,	92,	9161,	6),
(593,	5,	8273,	8),
(594,	27,	7673,	6),
(595,	97,	7698,	5),
(596,	57,	2266,	2),
(597,	117,	868,	1),
(598,	130,	6819,	2),
(599,	3,	7629,	2),
(600,	90,	1628,	9),
(601,	45,	1510,	3),
(602,	94,	651,	5),
(603,	35,	5319,	6),
(604,	114,	2551,	4),
(605,	72,	5054,	8),
(606,	137,	6938,	10),
(607,	37,	3734,	9),
(608,	56,	7538,	10),
(609,	76,	2035,	1),
(610,	64,	6294,	5),
(611,	35,	2456,	7),
(612,	45,	3614,	8),
(613,	56,	6841,	7),
(614,	69,	2492,	5),
(615,	31,	1911,	9),
(616,	96,	4368,	2),
(617,	82,	1923,	5),
(618,	95,	9577,	7),
(619,	111,	5516,	5),
(620,	74,	4751,	7),
(621,	126,	1058,	7),
(622,	101,	2928,	1),
(623,	13,	6483,	10),
(624,	2,	1513,	1),
(625,	73,	4112,	4),
(626,	77,	8569,	6),
(627,	59,	9092,	8),
(628,	99,	2454,	4),
(629,	13,	1956,	2),
(630,	106,	5814,	8),
(631,	143,	759,	4),
(632,	129,	526,	1),
(633,	142,	6371,	2),
(634,	57,	6148,	8),
(635,	51,	4376,	10),
(636,	36,	5116,	5),
(637,	9,	1901,	10),
(638,	124,	845,	2),
(639,	113,	4995,	1),
(640,	84,	1074,	6),
(641,	123,	8632,	6),
(642,	72,	799,	1),
(643,	104,	1215,	6),
(644,	99,	5487,	9),
(645,	142,	5289,	4),
(646,	90,	5000,	1),
(647,	122,	3172,	9),
(648,	91,	4981,	1),
(649,	5,	4239,	3),
(650,	48,	5982,	4),
(651,	50,	586,	7),
(652,	143,	5872,	2),
(653,	73,	6260,	3),
(654,	72,	3764,	2),
(655,	73,	8265,	5),
(656,	121,	4052,	6),
(657,	8,	9127,	1),
(658,	80,	2395,	6),
(659,	73,	923,	1),
(660,	48,	4769,	5),
(661,	21,	9732,	4),
(662,	120,	3368,	3),
(663,	62,	6857,	2),
(664,	98,	2699,	2),
(665,	17,	4739,	8),
(666,	45,	7232,	8),
(667,	9,	2996,	7),
(668,	60,	1985,	10),
(669,	9,	8348,	5),
(670,	98,	9009,	6),
(671,	62,	6075,	3),
(672,	101,	9718,	6),
(673,	88,	1638,	1),
(674,	126,	3758,	7),
(675,	86,	3965,	4),
(676,	82,	2324,	2),
(677,	23,	8884,	3),
(678,	141,	9619,	7),
(679,	97,	2992,	9),
(680,	104,	9125,	3),
(681,	113,	3401,	7),
(682,	66,	5185,	1),
(683,	148,	6896,	2),
(684,	53,	9546,	4),
(685,	79,	2708,	1),
(686,	115,	2419,	9),
(687,	16,	4692,	7),
(688,	35,	3426,	5),
(689,	34,	7834,	8),
(690,	47,	5675,	1),
(691,	63,	5833,	1),
(692,	12,	6738,	2),
(693,	135,	2811,	3),
(694,	64,	808,	4),
(695,	10,	7688,	9),
(696,	74,	2546,	7),
(697,	109,	7637,	5),
(698,	54,	6782,	9),
(699,	87,	6357,	10),
(700,	133,	2166,	3),
(701,	59,	3140,	7),
(702,	134,	3067,	5),
(703,	42,	9346,	1),
(704,	58,	3467,	9),
(705,	102,	6692,	7),
(706,	108,	2067,	4),
(707,	45,	8110,	10),
(708,	145,	941,	10),
(709,	109,	4942,	3),
(710,	63,	2555,	3),
(711,	15,	5767,	2),
(712,	31,	7448,	2),
(713,	89,	3069,	10),
(714,	136,	3602,	2),
(715,	22,	2917,	1),
(716,	34,	3277,	2),
(717,	101,	750,	6),
(718,	21,	898,	2),
(719,	123,	5192,	9),
(720,	43,	601,	10),
(721,	68,	2507,	9),
(722,	58,	5861,	9),
(723,	97,	9054,	10),
(724,	97,	4885,	6),
(725,	29,	1387,	1),
(726,	115,	2471,	2),
(727,	107,	2402,	4),
(728,	48,	907,	6),
(729,	51,	2208,	2),
(730,	67,	7236,	9),
(731,	8,	1304,	2),
(732,	10,	8639,	8),
(733,	92,	9579,	7),
(734,	49,	4346,	4),
(735,	110,	6860,	8),
(736,	45,	7207,	5),
(737,	34,	8569,	2),
(738,	108,	2123,	1),
(739,	41,	2014,	1),
(740,	124,	6009,	2),
(741,	58,	1041,	4),
(742,	14,	3732,	4),
(743,	84,	8902,	7),
(744,	79,	6806,	2),
(745,	135,	8637,	4),
(746,	96,	8853,	1),
(747,	38,	8123,	4),
(748,	150,	8332,	3),
(749,	48,	5235,	3),
(750,	51,	2417,	6),
(751,	78,	1463,	7),
(752,	144,	5258,	4),
(753,	77,	5687,	1),
(754,	90,	3249,	6),
(755,	55,	9791,	9),
(756,	42,	5120,	9),
(757,	90,	3480,	2),
(758,	12,	3553,	6),
(759,	17,	4318,	5),
(760,	36,	834,	10),
(761,	149,	9631,	1),
(762,	104,	5901,	4),
(763,	60,	9530,	8),
(764,	133,	5621,	7),
(765,	102,	3095,	4),
(766,	89,	6239,	5),
(767,	48,	7404,	7),
(768,	93,	6104,	2),
(769,	3,	7694,	7),
(770,	70,	7470,	5),
(771,	102,	6119,	4),
(772,	93,	709,	3),
(773,	1,	5384,	1),
(774,	63,	9439,	10),
(775,	149,	1684,	1),
(776,	137,	7913,	8),
(777,	118,	7320,	7),
(778,	75,	754,	8),
(779,	135,	682,	4),
(780,	143,	9220,	3),
(781,	19,	8260,	8),
(782,	146,	7782,	10),
(783,	76,	7285,	3),
(784,	74,	1052,	3),
(785,	132,	1712,	10),
(786,	137,	9765,	7),
(787,	76,	4876,	3),
(788,	115,	3538,	2),
(789,	48,	4656,	1),
(790,	120,	1373,	6),
(791,	101,	7121,	7),
(792,	94,	5202,	3),
(793,	46,	2601,	3),
(794,	88,	4107,	6),
(795,	46,	5646,	2),
(796,	148,	9386,	2),
(797,	17,	6164,	1),
(798,	44,	3185,	2),
(799,	129,	2894,	8),
(800,	47,	1344,	6),
(801,	129,	3959,	6),
(802,	132,	8936,	1),
(803,	150,	4465,	8),
(804,	31,	5730,	7),
(805,	52,	8131,	5),
(806,	22,	6208,	6),
(807,	65,	862,	5),
(808,	108,	2129,	7),
(809,	81,	899,	2),
(810,	79,	2248,	5),
(811,	88,	2009,	6),
(812,	49,	9842,	3),
(813,	28,	7893,	8),
(814,	28,	5491,	1),
(815,	106,	8380,	4),
(816,	33,	9977,	6),
(817,	70,	9243,	8),
(818,	59,	3602,	1),
(819,	140,	4896,	1),
(820,	18,	9541,	6),
(821,	125,	5983,	4),
(822,	58,	742,	6),
(823,	109,	4505,	5),
(824,	18,	3571,	6),
(825,	136,	6083,	3),
(826,	122,	845,	8),
(827,	141,	6585,	7),
(828,	148,	8322,	2),
(829,	119,	7781,	10),
(830,	74,	2435,	5),
(831,	126,	7091,	1),
(832,	44,	9319,	4),
(833,	114,	8720,	7),
(834,	121,	557,	9),
(835,	33,	600,	7),
(836,	122,	6654,	3),
(837,	138,	4390,	2),
(838,	59,	7722,	9),
(839,	140,	3362,	9),
(840,	125,	1680,	4),
(841,	97,	5746,	8),
(842,	63,	2847,	7),
(843,	119,	758,	4),
(844,	142,	2836,	7),
(845,	28,	740,	4),
(846,	29,	3857,	1),
(847,	35,	630,	9),
(848,	100,	7828,	10),
(849,	129,	5455,	5),
(850,	73,	7312,	7),
(851,	25,	7284,	4),
(852,	81,	2115,	4),
(853,	38,	2818,	3),
(854,	95,	6422,	9),
(855,	10,	8240,	9),
(856,	66,	9224,	3),
(857,	61,	6885,	7),
(858,	114,	4352,	10),
(859,	80,	4138,	3),
(860,	115,	6347,	3),
(861,	32,	8302,	10),
(862,	85,	9881,	10),
(863,	101,	5958,	1),
(864,	104,	8969,	1),
(865,	111,	611,	10),
(866,	54,	5486,	6),
(867,	78,	8585,	2),
(868,	29,	5531,	3),
(869,	92,	1239,	5),
(870,	133,	3739,	1),
(871,	101,	3509,	2),
(872,	85,	824,	8),
(873,	135,	7585,	5),
(874,	105,	7212,	10),
(875,	150,	4077,	7),
(876,	54,	8598,	5),
(877,	86,	2679,	8),
(878,	115,	7661,	9),
(879,	126,	5791,	1),
(880,	31,	5578,	5),
(881,	38,	8861,	2),
(882,	85,	3085,	9),
(883,	110,	1590,	8),
(884,	139,	1962,	8),
(885,	7,	8335,	5),
(886,	37,	8638,	10),
(887,	88,	1456,	1),
(888,	56,	7721,	8),
(889,	49,	3848,	6),
(890,	148,	6241,	8),
(891,	49,	8335,	6),
(892,	38,	4345,	10),
(893,	68,	6221,	8),
(894,	2,	1745,	8),
(895,	112,	8121,	4),
(896,	50,	4113,	9),
(897,	91,	2101,	6),
(898,	55,	8404,	10),
(899,	14,	3916,	1),
(900,	114,	622,	1),
(901,	57,	7284,	4),
(902,	126,	5853,	2),
(903,	61,	9961,	3),
(904,	97,	7241,	2),
(905,	81,	9371,	7),
(906,	136,	6673,	8),
(907,	28,	9221,	8),
(908,	66,	7103,	5),
(909,	47,	2667,	2),
(910,	57,	4497,	6),
(911,	70,	7699,	5),
(912,	18,	8316,	8),
(913,	33,	9834,	1),
(914,	42,	7391,	7),
(915,	62,	2728,	7),
(916,	125,	6959,	7),
(917,	145,	9112,	4),
(918,	97,	7453,	5),
(919,	9,	643,	9),
(920,	116,	6008,	10),
(921,	114,	8515,	1),
(922,	3,	8453,	2),
(923,	17,	4572,	3),
(924,	101,	5314,	1),
(925,	48,	590,	6),
(926,	120,	792,	9),
(927,	80,	1917,	5),
(928,	7,	6769,	6),
(929,	118,	6090,	2),
(930,	10,	6477,	6),
(931,	36,	2481,	9),
(932,	66,	6130,	9),
(933,	40,	7435,	8),
(934,	150,	3719,	4),
(935,	105,	7862,	9),
(936,	76,	557,	1),
(937,	81,	3773,	6),
(938,	94,	1768,	6),
(939,	117,	1621,	6),
(940,	104,	5569,	10),
(941,	21,	3909,	6),
(942,	67,	6594,	6),
(943,	57,	5448,	3),
(944,	114,	4510,	1),
(945,	146,	1320,	2),
(946,	10,	4187,	3),
(947,	11,	3567,	4),
(948,	4,	2594,	7),
(949,	85,	8511,	9),
(950,	33,	1691,	6),
(951,	41,	2731,	9),
(952,	77,	4598,	5),
(953,	93,	7238,	5),
(954,	42,	9659,	6),
(955,	86,	7844,	5),
(956,	119,	1848,	7),
(957,	25,	1822,	8),
(958,	66,	5284,	9),
(959,	49,	8169,	6),
(960,	63,	6577,	6),
(961,	100,	6593,	1),
(962,	71,	3795,	5),
(963,	71,	5633,	8),
(964,	48,	4571,	10),
(965,	76,	4329,	9),
(966,	99,	7264,	8),
(967,	8,	8542,	9),
(968,	57,	6344,	10),
(969,	66,	2444,	3),
(970,	28,	3497,	9),
(971,	108,	6273,	5),
(972,	24,	9359,	4),
(973,	136,	7853,	3),
(974,	135,	7332,	4),
(975,	93,	3790,	8),
(976,	100,	5368,	8),
(977,	51,	4099,	1),
(978,	42,	5212,	4),
(979,	40,	9883,	5),
(980,	63,	4552,	10),
(981,	22,	2566,	10),
(982,	103,	5203,	8),
(983,	26,	851,	10),
(984,	20,	3789,	1),
(985,	39,	2401,	7),
(986,	141,	6882,	6),
(987,	6,	6764,	8),
(988,	78,	1775,	10),
(989,	15,	1391,	9),
(990,	14,	2856,	9),
(991,	84,	1542,	8),
(992,	143,	7279,	10),
(993,	87,	2922,	10),
(994,	106,	7359,	2),
(995,	50,	954,	8),
(996,	93,	8884,	10),
(997,	133,	964,	10),
(998,	140,	1832,	1),
(999,	1,	7322,	10),
(1000,	134,	7399,	6),
(1001,	49,	935,	5),
(1002,	33,	899,	4),
(1003,	74,	2343,	4),
(1004,	50,	5554,	9),
(1005,	143,	1245,	6),
(1006,	75,	1860,	9),
(1007,	39,	8804,	5),
(1008,	54,	7567,	8),
(1009,	45,	7610,	6),
(1010,	109,	8974,	5),
(1011,	120,	1083,	3),
(1012,	69,	2369,	1),
(1013,	83,	6736,	1),
(1014,	73,	1555,	2),
(1015,	63,	1696,	8),
(1016,	48,	9743,	5),
(1017,	124,	6981,	8),
(1018,	136,	3240,	3),
(1019,	55,	4594,	10),
(1020,	34,	8291,	4),
(1021,	43,	734,	9),
(1022,	105,	6984,	8),
(1023,	102,	3662,	3),
(1024,	128,	1566,	7),
(1025,	56,	1024,	8),
(1026,	12,	9221,	6),
(1027,	134,	8438,	6),
(1028,	125,	4735,	3),
(1029,	128,	1116,	3),
(1030,	91,	3212,	4),
(1031,	88,	6876,	9),
(1032,	132,	917,	9),
(1033,	121,	8711,	3),
(1034,	61,	1237,	5),
(1035,	43,	703,	9),
(1036,	115,	5829,	4),
(1037,	57,	5142,	8),
(1038,	103,	4789,	10),
(1039,	126,	9210,	9),
(1040,	92,	4993,	10),
(1041,	28,	3111,	9),
(1042,	72,	6894,	4),
(1043,	34,	7486,	4),
(1044,	144,	5161,	5),
(1045,	51,	1030,	3),
(1046,	119,	9666,	4),
(1047,	110,	2488,	1),
(1048,	16,	8630,	2),
(1049,	8,	1643,	5),
(1050,	44,	7438,	1),
(1051,	48,	5919,	7),
(1052,	94,	667,	7),
(1053,	25,	4314,	1),
(1054,	12,	6717,	2),
(1055,	69,	7402,	5),
(1056,	39,	4238,	4),
(1057,	124,	6105,	6),
(1058,	148,	3607,	8),
(1059,	52,	5684,	4),
(1060,	35,	6150,	4),
(1061,	13,	3847,	7),
(1062,	50,	8145,	3),
(1063,	130,	3556,	5),
(1064,	20,	3029,	1),
(1065,	24,	7160,	3),
(1066,	12,	3344,	9),
(1067,	112,	5529,	7),
(1068,	127,	4914,	3),
(1069,	47,	4034,	6),
(1070,	35,	4180,	2),
(1071,	74,	655,	4),
(1072,	142,	1056,	2),
(1073,	83,	5021,	1),
(1074,	28,	3895,	5),
(1075,	71,	7422,	2),
(1076,	88,	3811,	8),
(1077,	16,	1722,	4),
(1078,	89,	3512,	5),
(1079,	55,	3079,	7),
(1080,	110,	2953,	8),
(1081,	15,	629,	10),
(1082,	119,	5580,	6),
(1083,	56,	3556,	3),
(1084,	137,	2417,	7),
(1085,	124,	1143,	1),
(1086,	26,	2941,	3),
(1087,	64,	2500,	6),
(1088,	4,	5347,	1),
(1089,	133,	8141,	2),
(1090,	91,	6012,	1),
(1091,	101,	3969,	7),
(1092,	59,	914,	7),
(1093,	19,	8169,	6),
(1094,	126,	7968,	3),
(1095,	59,	6749,	4),
(1096,	21,	7368,	2),
(1097,	31,	2380,	6),
(1098,	130,	5141,	9),
(1099,	91,	9296,	4),
(1100,	9,	7607,	4),
(1101,	128,	5260,	8),
(1102,	141,	9582,	7),
(1103,	47,	5687,	7),
(1104,	88,	3804,	3),
(1105,	31,	9110,	7),
(1106,	36,	8600,	10),
(1107,	47,	6477,	9),
(1108,	126,	7234,	9),
(1109,	114,	5495,	5),
(1110,	68,	5704,	8),
(1111,	68,	5869,	9),
(1112,	143,	8698,	6),
(1113,	7,	9383,	2),
(1114,	71,	8085,	9),
(1115,	16,	7854,	1),
(1116,	54,	5321,	9),
(1117,	49,	856,	8),
(1118,	86,	4456,	1),
(1119,	8,	2557,	5),
(1120,	122,	4098,	10),
(1121,	14,	6498,	10),
(1122,	22,	9734,	2),
(1123,	49,	2233,	6),
(1124,	108,	1163,	4),
(1125,	51,	2299,	10),
(1126,	137,	7659,	1),
(1127,	76,	1075,	5),
(1128,	26,	2409,	3),
(1129,	120,	1066,	8),
(1130,	39,	9439,	10),
(1131,	93,	4326,	1),
(1132,	32,	2271,	5),
(1133,	61,	3074,	8),
(1134,	22,	7960,	10),
(1135,	128,	6320,	7),
(1136,	18,	9150,	1),
(1137,	57,	3597,	5),
(1138,	58,	3921,	6),
(1139,	8,	2626,	7),
(1140,	83,	9718,	9),
(1141,	3,	9758,	6),
(1142,	114,	9104,	7),
(1143,	30,	552,	2),
(1144,	3,	8406,	4),
(1145,	97,	5760,	1),
(1146,	56,	6774,	1),
(1147,	119,	556,	2),
(1148,	66,	9709,	9),
(1149,	93,	8895,	5),
(1150,	78,	2551,	5),
(1151,	28,	9014,	2),
(1152,	112,	8938,	6),
(1153,	4,	5004,	8),
(1154,	58,	748,	8),
(1155,	64,	4584,	3),
(1156,	11,	1208,	2),
(1157,	136,	7476,	1),
(1158,	124,	523,	8),
(1159,	92,	2704,	7),
(1160,	89,	7810,	5),
(1161,	64,	4875,	10),
(1162,	5,	8115,	9),
(1163,	75,	7268,	10),
(1164,	82,	9831,	10),
(1165,	90,	5601,	5),
(1166,	116,	8055,	6),
(1167,	17,	5906,	2),
(1168,	119,	9902,	3),
(1169,	148,	9265,	7),
(1170,	64,	4056,	5),
(1171,	74,	3973,	3),
(1172,	138,	6551,	1),
(1173,	5,	9974,	1),
(1174,	136,	3846,	6),
(1175,	67,	9064,	7),
(1176,	70,	1724,	4),
(1177,	149,	5001,	9),
(1178,	86,	2335,	4),
(1179,	43,	1746,	4),
(1180,	142,	4267,	8),
(1181,	47,	4074,	4),
(1182,	70,	1989,	2),
(1183,	14,	1738,	9),
(1184,	114,	7376,	9),
(1185,	86,	4078,	5),
(1186,	126,	6077,	3),
(1187,	65,	4646,	1),
(1188,	103,	6229,	1),
(1189,	6,	653,	1),
(1190,	98,	8050,	7),
(1191,	120,	3425,	7),
(1192,	1,	909,	7),
(1193,	145,	759,	6),
(1194,	86,	1630,	4),
(1195,	123,	2246,	5),
(1196,	98,	7501,	8),
(1197,	129,	3468,	10),
(1198,	103,	9766,	3),
(1199,	22,	1073,	3),
(1200,	14,	4029,	3),
(1201,	49,	1945,	1),
(1202,	49,	4638,	6),
(1203,	19,	7697,	7),
(1204,	94,	2837,	5),
(1205,	23,	3846,	7),
(1206,	78,	8112,	8),
(1207,	37,	5247,	7),
(1208,	7,	5446,	5),
(1209,	3,	6213,	6),
(1210,	85,	3850,	9),
(1211,	8,	7354,	1),
(1212,	4,	5113,	4),
(1213,	43,	2826,	8),
(1214,	18,	3927,	10),
(1215,	146,	678,	5),
(1216,	64,	1184,	8),
(1217,	83,	6298,	8),
(1218,	89,	2907,	10),
(1219,	6,	8742,	8),
(1220,	129,	6002,	4),
(1221,	114,	7985,	10),
(1222,	55,	7666,	8),
(1223,	7,	3497,	3),
(1224,	61,	9917,	5),
(1225,	133,	3441,	4),
(1226,	17,	8764,	8),
(1227,	64,	8626,	2),
(1228,	114,	5941,	3),
(1229,	3,	8871,	2),
(1230,	136,	1288,	2),
(1231,	108,	4540,	8),
(1232,	114,	1281,	7),
(1233,	59,	1989,	6),
(1234,	80,	4477,	4),
(1235,	88,	2522,	2),
(1236,	114,	556,	2),
(1237,	77,	5678,	8),
(1238,	51,	7148,	4),
(1239,	80,	5479,	3),
(1240,	115,	2970,	2),
(1241,	86,	2764,	9),
(1242,	70,	5838,	7),
(1243,	58,	3765,	5),
(1244,	144,	9746,	1),
(1245,	8,	8276,	10),
(1246,	6,	7123,	5),
(1247,	106,	1850,	8),
(1248,	116,	9601,	2),
(1249,	2,	4436,	2),
(1250,	15,	5153,	1),
(1251,	134,	2947,	2),
(1252,	46,	7545,	1),
(1253,	114,	9021,	5),
(1254,	80,	6475,	6),
(1255,	18,	9846,	9),
(1256,	92,	9518,	1),
(1257,	48,	9702,	1),
(1258,	123,	6892,	1),
(1259,	119,	980,	4),
(1260,	44,	7345,	1),
(1261,	41,	8947,	3),
(1262,	47,	1971,	3),
(1263,	18,	9892,	9),
(1264,	103,	2740,	5),
(1265,	15,	5361,	2),
(1266,	62,	961,	8),
(1267,	114,	3934,	5),
(1268,	104,	1359,	5),
(1269,	15,	5522,	2),
(1270,	31,	5833,	8),
(1271,	13,	3105,	7),
(1272,	73,	6413,	4),
(1273,	24,	9890,	8),
(1274,	71,	4168,	7),
(1275,	86,	4709,	5),
(1276,	10,	1761,	8),
(1277,	119,	2949,	7),
(1278,	83,	7174,	2),
(1279,	64,	9535,	10),
(1280,	89,	634,	2),
(1281,	33,	9950,	1),
(1282,	22,	5423,	8),
(1283,	33,	3664,	3),
(1284,	22,	4648,	2),
(1285,	88,	8067,	9),
(1286,	62,	1300,	6),
(1287,	81,	2136,	10),
(1288,	20,	4952,	10),
(1289,	22,	931,	7),
(1290,	60,	5906,	1),
(1291,	92,	751,	2),
(1292,	93,	4811,	2),
(1293,	103,	2059,	2),
(1294,	47,	4158,	10),
(1295,	71,	9832,	8),
(1296,	93,	7318,	5),
(1297,	78,	4996,	1),
(1298,	34,	3810,	10),
(1299,	72,	5589,	6),
(1300,	40,	4041,	9),
(1301,	92,	3343,	4),
(1302,	101,	6092,	1),
(1303,	103,	6678,	10),
(1304,	76,	6662,	3),
(1305,	40,	4862,	3),
(1306,	14,	9938,	5),
(1307,	19,	831,	10),
(1308,	31,	2277,	5),
(1309,	38,	2782,	2),
(1310,	2,	1467,	1),
(1311,	52,	2245,	6),
(1312,	54,	5432,	7),
(1313,	100,	7582,	1),
(1314,	101,	9448,	3),
(1315,	38,	4126,	10),
(1316,	92,	9275,	9),
(1317,	50,	2932,	6),
(1318,	4,	9784,	3),
(1319,	117,	6153,	4),
(1320,	134,	3913,	5),
(1321,	3,	2883,	1),
(1322,	148,	6818,	4),
(1323,	31,	868,	9),
(1324,	125,	3724,	6),
(1325,	96,	520,	10),
(1326,	70,	8698,	9),
(1327,	27,	715,	9),
(1328,	144,	6197,	6),
(1329,	92,	9714,	10),
(1330,	106,	5182,	10),
(1331,	106,	5279,	5),
(1332,	150,	5081,	2),
(1333,	51,	7164,	7),
(1334,	49,	9726,	8),
(1335,	90,	617,	5),
(1336,	17,	2230,	4),
(1337,	134,	3470,	9),
(1338,	80,	7372,	8),
(1339,	17,	2622,	4),
(1340,	64,	846,	8),
(1341,	43,	7706,	6),
(1342,	80,	9029,	7),
(1343,	107,	6053,	1),
(1344,	51,	7867,	2),
(1345,	20,	4883,	8),
(1346,	23,	4940,	7),
(1347,	79,	6443,	9),
(1348,	12,	7280,	5),
(1349,	66,	9851,	6),
(1350,	142,	9772,	10),
(1351,	75,	1941,	1),
(1352,	107,	785,	5),
(1353,	74,	9207,	9),
(1354,	108,	733,	2),
(1355,	59,	3425,	9),
(1356,	19,	9802,	6),
(1357,	64,	624,	7),
(1358,	8,	1807,	10),
(1359,	119,	1554,	3),
(1360,	115,	9880,	9),
(1361,	99,	1097,	1),
(1362,	16,	8510,	10),
(1363,	19,	1523,	5),
(1364,	116,	1718,	1),
(1365,	61,	6172,	4),
(1366,	77,	801,	2),
(1367,	50,	2314,	5),
(1368,	57,	1031,	8),
(1369,	109,	6762,	10),
(1370,	76,	4288,	3),
(1371,	51,	5404,	7),
(1372,	86,	8192,	1),
(1373,	86,	2357,	1),
(1374,	81,	969,	5),
(1375,	51,	890,	7),
(1376,	147,	1735,	10),
(1377,	69,	8068,	4),
(1378,	18,	5895,	4),
(1379,	124,	4748,	4),
(1380,	42,	6147,	4),
(1381,	76,	1629,	3),
(1382,	128,	4126,	7),
(1383,	77,	1881,	8),
(1384,	81,	4017,	4),
(1385,	83,	5667,	6),
(1386,	142,	1595,	9),
(1387,	94,	9023,	1),
(1388,	50,	2199,	2),
(1389,	39,	4119,	8),
(1390,	96,	9881,	7),
(1391,	93,	3905,	6),
(1392,	30,	8898,	7),
(1393,	121,	9489,	3),
(1394,	8,	8633,	4),
(1395,	86,	6616,	10),
(1396,	99,	5802,	6),
(1397,	121,	3546,	7),
(1398,	96,	3190,	2),
(1399,	68,	1037,	1),
(1400,	78,	1568,	9),
(1401,	81,	4010,	10),
(1402,	65,	607,	8),
(1403,	80,	1465,	4),
(1404,	113,	4427,	5),
(1405,	124,	6983,	7),
(1406,	16,	1964,	8),
(1407,	114,	1501,	3),
(1408,	18,	7279,	2),
(1409,	10,	7263,	3),
(1410,	133,	9262,	5),
(1411,	122,	5896,	2),
(1412,	123,	3741,	2),
(1413,	42,	8918,	2),
(1414,	47,	9195,	9),
(1415,	29,	9929,	1),
(1416,	1,	2701,	1),
(1417,	14,	8281,	8),
(1418,	143,	5072,	9),
(1419,	97,	643,	3),
(1420,	67,	7116,	8),
(1421,	50,	5667,	3),
(1422,	52,	5209,	7),
(1423,	72,	9169,	8),
(1424,	7,	8609,	6),
(1425,	129,	5130,	1),
(1426,	142,	2114,	3),
(1427,	94,	2436,	4),
(1428,	5,	2355,	7),
(1429,	139,	1229,	9),
(1430,	20,	9556,	9),
(1431,	138,	6185,	3),
(1432,	38,	4897,	6),
(1433,	100,	767,	6),
(1434,	39,	683,	9),
(1435,	8,	3754,	6),
(1436,	27,	1783,	5),
(1437,	40,	2834,	2),
(1438,	21,	4608,	4),
(1439,	123,	1426,	5),
(1440,	122,	4240,	4),
(1441,	61,	4913,	4),
(1442,	113,	2285,	7),
(1443,	149,	4398,	4),
(1444,	12,	9107,	10),
(1445,	24,	4832,	7),
(1446,	17,	2724,	1),
(1447,	72,	5733,	1),
(1448,	72,	905,	4),
(1449,	107,	2450,	8),
(1450,	2,	2094,	6),
(1451,	147,	9783,	6),
(1452,	41,	6190,	10),
(1453,	37,	6469,	8),
(1454,	32,	9158,	1),
(1455,	4,	3172,	2),
(1456,	72,	6221,	10),
(1457,	60,	4010,	8),
(1458,	150,	5771,	1),
(1459,	12,	8586,	5),
(1460,	76,	4197,	6),
(1461,	72,	890,	5),
(1462,	99,	9182,	2),
(1463,	109,	9144,	4),
(1464,	33,	5857,	1),
(1465,	111,	7278,	5),
(1466,	51,	7280,	6),
(1467,	41,	2861,	3),
(1468,	62,	8676,	8),
(1469,	113,	7192,	5),
(1470,	137,	6215,	3),
(1471,	68,	3534,	8),
(1472,	69,	4466,	9),
(1473,	23,	9044,	5),
(1474,	9,	3768,	2),
(1475,	109,	4079,	6),
(1476,	105,	5472,	3),
(1477,	101,	9542,	8),
(1478,	117,	2612,	3),
(1479,	123,	4474,	7),
(1480,	33,	4150,	9),
(1481,	62,	8624,	4),
(1482,	16,	3799,	9),
(1483,	43,	7728,	4),
(1484,	42,	9222,	4),
(1485,	9,	741,	10),
(1486,	5,	1000,	1),
(1487,	99,	8562,	2),
(1488,	20,	6395,	1),
(1489,	18,	4251,	10),
(1490,	9,	3713,	4),
(1491,	103,	6408,	4),
(1492,	38,	1439,	4),
(1493,	127,	2955,	3),
(1494,	55,	5860,	1),
(1495,	148,	7497,	9),
(1496,	72,	699,	7),
(1497,	72,	8611,	2),
(1498,	94,	7509,	8),
(1499,	113,	4096,	5),
(1500,	51,	7326,	9),
(1501,	4,	715,	5),
(1502,	139,	4351,	1),
(1503,	25,	9786,	6),
(1504,	35,	9778,	3),
(1505,	86,	3163,	10),
(1506,	57,	3571,	4),
(1507,	51,	6238,	1),
(1508,	45,	2397,	2),
(1509,	34,	1655,	3),
(1510,	34,	8684,	4),
(1511,	63,	8091,	3),
(1512,	50,	7406,	2),
(1513,	35,	7990,	7),
(1514,	17,	9631,	8),
(1515,	97,	7603,	2),
(1516,	58,	3600,	5),
(1517,	20,	9723,	7),
(1518,	75,	630,	3),
(1519,	64,	1408,	5),
(1520,	65,	2533,	10),
(1521,	116,	9660,	4),
(1522,	29,	7582,	9),
(1523,	68,	3289,	10),
(1524,	97,	4263,	6),
(1525,	8,	3339,	10),
(1526,	25,	3494,	1),
(1527,	138,	5399,	9),
(1528,	79,	4124,	5),
(1529,	126,	2879,	4),
(1530,	41,	3456,	2),
(1531,	67,	8455,	5),
(1532,	99,	3572,	3),
(1533,	60,	2578,	7),
(1534,	15,	9982,	6),
(1535,	27,	8434,	6),
(1536,	59,	3849,	4),
(1537,	92,	9418,	8),
(1538,	19,	571,	10),
(1539,	23,	9702,	3),
(1540,	68,	7098,	9),
(1541,	108,	6823,	4),
(1542,	145,	7773,	1),
(1543,	43,	4172,	6),
(1544,	121,	8099,	1),
(1545,	100,	6636,	3),
(1546,	60,	8204,	2),
(1547,	61,	4539,	5),
(1548,	26,	5171,	4),
(1549,	66,	687,	4),
(1550,	145,	2599,	2),
(1551,	4,	7687,	1),
(1552,	20,	641,	6),
(1553,	125,	2957,	6),
(1554,	86,	3963,	7),
(1555,	67,	739,	9),
(1556,	98,	6648,	9),
(1557,	5,	3182,	2),
(1558,	134,	8116,	10),
(1559,	63,	9458,	1),
(1560,	94,	3486,	3),
(1561,	13,	2680,	4),
(1562,	46,	5156,	2),
(1563,	52,	4088,	1),
(1564,	73,	5959,	5),
(1565,	63,	4187,	9),
(1566,	73,	4164,	1),
(1567,	117,	4655,	8),
(1568,	5,	801,	8),
(1569,	51,	6191,	2),
(1570,	26,	9490,	9),
(1571,	105,	8406,	7),
(1572,	40,	3631,	1),
(1573,	78,	754,	6),
(1574,	131,	4333,	3),
(1575,	114,	7660,	7),
(1576,	65,	6622,	6),
(1577,	52,	6239,	4),
(1578,	50,	9886,	10),
(1579,	50,	2003,	5),
(1580,	28,	995,	8),
(1581,	95,	8206,	7),
(1582,	97,	8307,	6),
(1583,	131,	3867,	10),
(1584,	50,	3198,	4),
(1585,	25,	5244,	7),
(1586,	40,	2221,	1),
(1587,	148,	9631,	6),
(1588,	113,	7772,	6),
(1589,	53,	522,	8),
(1590,	90,	1106,	1),
(1591,	64,	4684,	2),
(1592,	148,	1227,	4),
(1593,	84,	7807,	3),
(1594,	23,	5185,	7),
(1595,	29,	999,	9),
(1596,	71,	601,	3),
(1597,	18,	9494,	4),
(1598,	148,	4406,	6),
(1599,	25,	4077,	1),
(1600,	78,	5169,	8),
(1601,	115,	2650,	3),
(1602,	92,	7554,	4),
(1603,	104,	5828,	10),
(1604,	84,	9803,	6),
(1605,	138,	1466,	2),
(1606,	16,	3331,	7),
(1607,	25,	1055,	4),
(1608,	99,	8351,	10),
(1609,	136,	727,	6),
(1610,	118,	2523,	7),
(1611,	68,	7653,	3),
(1612,	14,	2438,	1),
(1613,	45,	8343,	9),
(1614,	2,	5817,	8),
(1615,	125,	5422,	6),
(1616,	128,	2770,	7),
(1617,	126,	9810,	8),
(1618,	5,	8756,	4),
(1619,	46,	8036,	7),
(1620,	64,	8508,	3),
(1621,	147,	9833,	8),
(1622,	38,	2559,	4),
(1623,	113,	6492,	5),
(1624,	51,	1080,	1),
(1625,	124,	9792,	6),
(1626,	73,	9862,	9),
(1627,	65,	2818,	1),
(1628,	142,	3585,	1),
(1629,	32,	989,	5),
(1630,	111,	7164,	6),
(1631,	21,	4289,	10),
(1632,	117,	9828,	6),
(1633,	116,	2206,	10),
(1634,	97,	8817,	4),
(1635,	136,	3121,	5),
(1636,	107,	4176,	7),
(1637,	133,	7053,	9),
(1638,	20,	5445,	7),
(1639,	78,	4134,	9),
(1640,	60,	978,	1),
(1641,	71,	1578,	5),
(1642,	58,	6086,	9),
(1643,	114,	3281,	7),
(1644,	59,	3056,	4),
(1645,	62,	9257,	8),
(1646,	20,	6785,	2),
(1647,	139,	6370,	2),
(1648,	84,	1719,	7),
(1649,	112,	8391,	9),
(1650,	123,	8266,	4),
(1651,	77,	1973,	7),
(1652,	2,	7446,	1),
(1653,	91,	5529,	8),
(1654,	21,	8736,	9),
(1655,	63,	2027,	10),
(1656,	2,	6879,	8),
(1657,	22,	5497,	4),
(1658,	18,	2847,	2),
(1659,	132,	6055,	6),
(1660,	52,	9666,	8),
(1661,	133,	3012,	10),
(1662,	139,	3103,	1),
(1663,	138,	541,	9),
(1664,	119,	3109,	6),
(1665,	67,	939,	6),
(1666,	136,	3544,	4),
(1667,	49,	3537,	7),
(1668,	21,	8575,	6),
(1669,	132,	623,	8),
(1670,	14,	6351,	9),
(1671,	26,	556,	3),
(1672,	28,	3053,	1),
(1673,	76,	1414,	6),
(1674,	41,	1609,	1),
(1675,	51,	4016,	3),
(1676,	143,	8385,	1),
(1677,	14,	2090,	2),
(1678,	2,	5200,	2),
(1679,	95,	2500,	10),
(1680,	17,	9842,	4),
(1681,	48,	1527,	6),
(1682,	111,	4558,	6),
(1683,	39,	7069,	5),
(1684,	97,	5414,	1),
(1685,	59,	9532,	5),
(1686,	70,	7761,	7),
(1687,	106,	1188,	9),
(1688,	26,	4112,	6),
(1689,	95,	2871,	1),
(1690,	51,	3881,	3),
(1691,	26,	4528,	1),
(1692,	89,	3642,	6),
(1693,	145,	2884,	5),
(1694,	118,	8088,	10),
(1695,	21,	4064,	2),
(1696,	32,	4584,	4),
(1697,	60,	3881,	4),
(1698,	33,	3113,	7),
(1699,	128,	4828,	3),
(1700,	69,	5852,	8),
(1701,	125,	7109,	8),
(1702,	77,	2329,	5),
(1703,	5,	4820,	1),
(1704,	142,	5598,	9),
(1705,	62,	3750,	4),
(1706,	77,	6932,	5),
(1707,	100,	4943,	1),
(1708,	33,	774,	1),
(1709,	24,	6749,	10),
(1710,	146,	6197,	5),
(1711,	51,	6391,	7),
(1712,	72,	6907,	3),
(1713,	85,	1796,	2),
(1714,	101,	7322,	3),
(1715,	3,	2898,	10),
(1716,	47,	7572,	1),
(1717,	57,	2100,	5),
(1718,	80,	2168,	3),
(1719,	51,	6039,	8),
(1720,	64,	9556,	9),
(1721,	63,	9735,	2),
(1722,	61,	643,	6),
(1723,	66,	619,	10),
(1724,	56,	5523,	4),
(1725,	17,	9341,	2),
(1726,	83,	9188,	6),
(1727,	117,	947,	6),
(1728,	39,	7392,	2),
(1729,	50,	4321,	5),
(1730,	82,	5918,	8),
(1731,	102,	7081,	4),
(1732,	43,	5314,	9),
(1733,	48,	6552,	2),
(1734,	128,	8024,	3),
(1735,	111,	6344,	5),
(1736,	101,	6090,	4),
(1737,	89,	7219,	5),
(1738,	132,	3143,	5),
(1739,	138,	4310,	9),
(1740,	12,	858,	10),
(1741,	31,	7560,	3),
(1742,	131,	8869,	4),
(1743,	1,	4361,	2),
(1744,	83,	6740,	7),
(1745,	15,	4583,	7),
(1746,	113,	9908,	2),
(1747,	92,	849,	7),
(1748,	58,	6909,	4),
(1749,	86,	3081,	8),
(1750,	58,	643,	2),
(1751,	12,	8650,	1),
(1752,	34,	4637,	3),
(1753,	92,	4826,	9),
(1754,	131,	6855,	8),
(1755,	60,	1184,	4),
(1756,	49,	6841,	3),
(1757,	122,	4563,	8),
(1758,	81,	5541,	1),
(1759,	25,	7947,	1),
(1760,	125,	613,	2),
(1761,	90,	9467,	4),
(1762,	128,	5416,	8),
(1763,	69,	5459,	2),
(1764,	90,	4157,	5),
(1765,	100,	893,	10),
(1766,	37,	6576,	3),
(1767,	59,	4936,	6),
(1768,	39,	2366,	4),
(1769,	80,	9779,	4),
(1770,	95,	7433,	7),
(1771,	59,	7062,	10),
(1772,	13,	1780,	9),
(1773,	122,	3489,	10),
(1774,	125,	3237,	6),
(1775,	27,	5121,	2),
(1776,	138,	3411,	6),
(1777,	36,	1467,	7),
(1778,	98,	1306,	2),
(1779,	68,	1921,	1),
(1780,	127,	3449,	2),
(1781,	144,	7991,	9),
(1782,	119,	9465,	8),
(1783,	144,	7567,	4),
(1784,	22,	9627,	2),
(1785,	100,	626,	1),
(1786,	135,	8408,	8),
(1787,	142,	3413,	2),
(1788,	6,	9402,	3),
(1789,	49,	7385,	10),
(1790,	69,	4949,	2),
(1791,	88,	2532,	3),
(1792,	90,	804,	9),
(1793,	46,	9329,	4),
(1794,	80,	7729,	7),
(1795,	116,	7474,	7),
(1796,	76,	4564,	8),
(1797,	72,	914,	4),
(1798,	147,	738,	7),
(1799,	77,	5102,	4),
(1800,	92,	5239,	6),
(1801,	100,	2141,	9),
(1802,	120,	6474,	6),
(1803,	132,	3467,	6),
(1804,	130,	7110,	3),
(1805,	35,	3702,	9),
(1806,	35,	4378,	10),
(1807,	45,	3258,	2),
(1808,	138,	8208,	9),
(1809,	13,	2479,	5),
(1810,	63,	2868,	9),
(1811,	74,	4931,	8),
(1812,	17,	6582,	7),
(1813,	9,	9812,	4),
(1814,	32,	2464,	4),
(1815,	60,	3305,	7),
(1816,	45,	1397,	6),
(1817,	141,	1263,	1),
(1818,	11,	3352,	1),
(1819,	41,	1960,	4),
(1820,	104,	7453,	8),
(1821,	35,	4609,	7),
(1822,	42,	7489,	9),
(1823,	53,	5880,	1),
(1824,	58,	5939,	8),
(1825,	105,	5368,	3),
(1826,	41,	4680,	6),
(1827,	55,	9502,	5),
(1828,	99,	6322,	7),
(1829,	97,	1070,	8),
(1830,	14,	2564,	2),
(1831,	123,	6249,	9),
(1832,	128,	5905,	6),
(1833,	96,	4897,	10),
(1834,	15,	542,	4),
(1835,	5,	1467,	10),
(1836,	141,	9886,	9),
(1837,	87,	5669,	3),
(1838,	10,	722,	2),
(1839,	95,	2904,	9),
(1840,	81,	8942,	3),
(1841,	121,	2187,	9),
(1842,	70,	522,	3),
(1843,	104,	569,	7),
(1844,	150,	5319,	5),
(1845,	62,	1596,	2),
(1846,	68,	529,	10),
(1847,	143,	6153,	9),
(1848,	121,	4746,	2),
(1849,	96,	7493,	7),
(1850,	31,	2877,	6),
(1851,	57,	3716,	7),
(1852,	103,	1645,	8),
(1853,	7,	941,	9),
(1854,	137,	4798,	10),
(1855,	140,	6568,	6),
(1856,	23,	6321,	3),
(1857,	99,	7283,	7),
(1858,	71,	8827,	7),
(1859,	11,	1634,	7),
(1860,	116,	2856,	2),
(1861,	124,	2782,	2),
(1862,	46,	1473,	7),
(1863,	132,	5628,	6),
(1864,	4,	730,	8),
(1865,	60,	7351,	10),
(1866,	5,	4130,	6),
(1867,	50,	8222,	5),
(1868,	81,	7284,	8),
(1869,	17,	2140,	9),
(1870,	122,	3735,	9),
(1871,	109,	2168,	2),
(1872,	45,	6149,	9),
(1873,	21,	4940,	2),
(1874,	13,	4778,	10),
(1875,	10,	8454,	4),
(1876,	88,	6761,	2),
(1877,	117,	2481,	7),
(1878,	75,	8381,	9),
(1879,	71,	5656,	5),
(1880,	54,	8489,	4),
(1881,	45,	7430,	7),
(1882,	90,	8700,	9),
(1883,	54,	8800,	7),
(1884,	120,	3603,	5),
(1885,	73,	3919,	8),
(1886,	48,	2053,	9),
(1887,	93,	7517,	2),
(1888,	146,	3701,	8),
(1889,	49,	7157,	3),
(1890,	101,	9083,	7),
(1891,	98,	4095,	4),
(1892,	13,	2037,	2),
(1893,	25,	1436,	2),
(1894,	45,	3501,	6),
(1895,	35,	2367,	1),
(1896,	14,	2471,	9),
(1897,	142,	5049,	9),
(1898,	63,	2729,	8),
(1899,	2,	5222,	3),
(1900,	89,	4175,	4),
(1901,	121,	2316,	4),
(1902,	137,	9419,	1),
(1903,	150,	5954,	10),
(1904,	97,	5876,	4),
(1905,	135,	8298,	6),
(1906,	100,	913,	3),
(1907,	53,	9538,	4),
(1908,	82,	9707,	9),
(1909,	91,	9982,	1),
(1910,	119,	5226,	7),
(1911,	2,	5467,	10),
(1912,	17,	626,	3),
(1913,	98,	4554,	1),
(1914,	81,	7223,	4),
(1915,	9,	6239,	2),
(1916,	118,	4007,	8),
(1917,	18,	4519,	2),
(1918,	92,	8825,	10),
(1919,	25,	2745,	4),
(1920,	87,	1364,	6),
(1921,	13,	8516,	3),
(1922,	40,	5866,	9),
(1923,	100,	9704,	3),
(1924,	57,	892,	4),
(1925,	108,	1724,	6),
(1926,	13,	9178,	9),
(1927,	60,	4502,	4),
(1928,	134,	3781,	10),
(1929,	101,	8482,	3),
(1930,	112,	3480,	2),
(1931,	43,	8559,	9),
(1932,	1,	3754,	6),
(1933,	67,	4078,	9),
(1934,	28,	4654,	2),
(1935,	150,	5642,	8),
(1936,	40,	6514,	6),
(1937,	91,	5941,	6),
(1938,	49,	2726,	10),
(1939,	123,	4205,	8),
(1940,	125,	3880,	8),
(1941,	119,	6761,	8),
(1942,	147,	1564,	3),
(1943,	30,	1897,	6),
(1944,	143,	3747,	10),
(1945,	66,	653,	1),
(1946,	99,	5036,	1),
(1947,	147,	3436,	7),
(1948,	111,	3923,	5),
(1949,	86,	6815,	5),
(1950,	128,	908,	4),
(1951,	89,	9680,	1),
(1952,	104,	8090,	4),
(1953,	37,	3513,	5),
(1954,	5,	7885,	2),
(1955,	129,	9471,	8),
(1956,	45,	2093,	5),
(1957,	132,	9673,	2),
(1958,	102,	956,	5),
(1959,	66,	8804,	1),
(1960,	39,	2152,	4),
(1961,	65,	709,	6),
(1962,	26,	555,	1),
(1963,	67,	8863,	1),
(1964,	37,	4722,	2),
(1965,	13,	611,	3),
(1966,	133,	3357,	10),
(1967,	104,	950,	9),
(1968,	20,	2879,	6),
(1969,	12,	7274,	4),
(1970,	78,	4788,	1),
(1971,	6,	2529,	7),
(1972,	76,	644,	7),
(1973,	57,	3540,	2),
(1974,	44,	7243,	5),
(1975,	35,	6199,	1),
(1976,	95,	3924,	8),
(1977,	62,	1466,	8),
(1978,	107,	9255,	2),
(1979,	133,	7672,	9),
(1980,	114,	8998,	4),
(1981,	40,	4792,	8),
(1982,	7,	5856,	4),
(1983,	146,	1638,	6),
(1984,	93,	6988,	3),
(1985,	147,	8257,	6),
(1986,	40,	841,	6),
(1987,	63,	3844,	3),
(1988,	85,	4935,	10),
(1989,	29,	9269,	7),
(1990,	147,	5970,	2),
(1991,	54,	8693,	6),
(1992,	118,	9071,	2),
(1993,	49,	8312,	1),
(1994,	14,	5094,	8),
(1995,	69,	3743,	1),
(1996,	44,	7822,	6),
(1997,	23,	8332,	4),
(1998,	49,	2661,	8),
(1999,	123,	630,	4),
(2000,	23,	8573,	8);

DROP TABLE IF EXISTS `Wands_Property`;
CREATE TABLE `Wands_Property` (
  `code` int NOT NULL,
  `age` int NOT NULL,
  `is_evil` int NOT NULL
) ENGINE=InnoDB DEFAULT CHARSET=latin1;

INSERT INTO `Wands_Property` (`code`, `age`, `is_evil`) VALUES
(1,	301,	0),
(2,	393,	0),
(3,	148,	1),
(4,	33,	1),
(5,	150,	1),
(6,	343,	0),
(7,	135,	1),
(8,	103,	1),
(9,	340,	0),
(10,	93,	1),
(11,	329,	0),
(12,	98,	1),
(13,	219,	0),
(14,	310,	0),
(15,	113,	1),
(16,	29,	1),
(17,	349,	0),
(18,	254,	0),
(19,	58,	1),
(20,	464,	0),
(21,	96,	1),
(22,	413,	0),
(23,	74,	1),
(24,	211,	0),
(25,	102,	1),
(26,	337,	0),
(27,	278,	0),
(28,	130,	1),
(29,	48,	1),
(30,	320,	0),
(31,	345,	0),
(32,	462,	0),
(33,	233,	0),
(34,	397,	0),
(35,	65,	1),
(36,	40,	1),
(37,	374,	0),
(38,	492,	0),
(39,	494,	0),
(40,	290,	0),
(41,	2,	1),
(42,	168,	0),
(43,	199,	0),
(44,	344,	0),
(45,	275,	0),
(46,	438,	0),
(47,	153,	1),
(48,	59,	1),
(49,	311,	0),
(50,	376,	0),
(51,	395,	0),
(52,	101,	1),
(53,	398,	0),
(54,	263,	0),
(55,	127,	1),
(56,	177,	0),
(57,	416,	0),
(58,	79,	1),
(59,	99,	1),
(60,	205,	0),
(61,	9,	1),
(62,	243,	0),
(63,	264,	0),
(64,	240,	0),
(65,	259,	0),
(66,	176,	0),
(67,	247,	0),
(68,	208,	0),
(69,	386,	0),
(70,	306,	0),
(71,	178,	0),
(72,	286,	0),
(73,	375,	0),
(74,	414,	0),
(75,	107,	1),
(76,	297,	0),
(77,	487,	0),
(78,	209,	0),
(79,	364,	0),
(80,	284,	0),
(81,	112,	1),
(82,	481,	0),
(83,	381,	0),
(84,	382,	0),
(85,	229,	0),
(86,	31,	1),
(87,	171,	0),
(88,	353,	0),
(89,	80,	1),
(90,	5,	1),
(91,	432,	0),
(92,	271,	0),
(93,	451,	0),
(94,	388,	0),
(95,	104,	1),
(96,	318,	0),
(97,	335,	0),
(98,	466,	0),
(99,	446,	0),
(100,	85,	1),
(101,	361,	0),
(102,	450,	0),
(103,	496,	0),
(104,	84,	1),
(105,	348,	0),
(106,	430,	0),
(107,	202,	0),
(108,	491,	0),
(109,	181,	0),
(110,	20,	1),
(111,	94,	1),
(112,	164,	0),
(113,	272,	0),
(114,	483,	0),
(115,	105,	1),
(116,	425,	0),
(117,	189,	0),
(118,	100,	1),
(119,	83,	1),
(120,	367,	0),
(121,	455,	0),
(122,	308,	0),
(123,	279,	0),
(124,	136,	1),
(125,	63,	1),
(126,	46,	1),
(127,	81,	1),
(128,	30,	1),
(129,	419,	0),
(130,	292,	0),
(131,	339,	0),
(132,	380,	0),
(133,	146,	1),
(134,	156,	1),
(135,	235,	0),
(136,	172,	0),
(137,	206,	0),
(138,	116,	1),
(139,	123,	1),
(140,	249,	0),
(141,	434,	0),
(142,	8,	1),
(143,	66,	1),
(144,	255,	0),
(145,	222,	0),
(146,	70,	1),
(147,	443,	0),
(148,	389,	0),
(149,	158,	0),
(150,	283,	0);

-- 2025-06-13 13:14:28 UTC
